Name,bridge number,lower bound,upper bound,explainer
m004,2,2,2,=: is two bridge
m015,2,2,2,=: is two bridge
m016,3,3,3,is Montesinos knot
m032,2,2,2,=: is two bridge
m053,2,2,2,=: is two bridge
m071,5,5,5,", >: Ord_v for L_space, <: braid index"
m074,2,2,2,=: is two bridge
m082,3,3,3,", >: is not two bridge, <: braid index"
m094,2,2,2,=: is two bridge
m103,5,5,5,", >: Ord_v for L_space, <: braid index"
m118,4,4,4,", >: Ord_v for L_space, <: braid index"
m144,3,3,3,", >: is not two bridge, <: braid index"
m194,5,5,5,", >: Ord_v for L_space, <: braid index"
m198,5,5,5,", >: Ord_v for L_space, <: braid index"
m199,3,3,3,is Montesinos knot
m201,3,3,3,is Montesinos knot
m211,4,4,4,", >: Ord_v for L_space, <: braid index"
m222,3,3,3,is Montesinos knot
m223,3,3,3,is Montesinos knot
m224,3,3,3,is Montesinos knot
m239,4,4,4,", >: Ord_v for L_space, <: braid index"
m240,4,4,4,", >: Ord_v for L_space, <: braid index"
m270,5,5,5,", >: Ord_v for L_space, <: braid index"
m276,5,5,5,", >: Ord_v for L_space, <: braid index"
m281,4,4,4,", >: Ord_v for L_space, <: braid index"
m289,2,2,2,=: is two bridge
m340,2,2,2,=: is two bridge
m372,3,3,3,is Montesinos knot
m389,3,3,3,is Montesinos knot
s016,2,2,2,=: is two bridge
s023,2,2,2,=: is two bridge
s042,5,5,5,", >: Ord_v for L_space, <: braid index"
s068,5,5,5,", >: Ord_v for L_space, <: braid index"
s086,3,3,3,", >: is not two bridge, <: braid index"
s104,7,7,7,", >: Ord_v for L_space, <: braid index"
s114,7,7,7,", >: Ord_v for L_space, <: braid index"
s188,,3,5,", >: is not two bridge, <: braid index"
s194,,3,6,", >: is not two bridge, <: braid index"
s239,3,3,3,is Montesinos knot
s294,5,5,5,", >: Ord_v for L_space, <: braid index"
s301,5,5,5,", >: Ord_v for L_space, <: braid index"
s308,5,5,5,", >: Ord_v for L_space, <: braid index"
s336,4,4,4,", >: Ord_v for L_space, <: braid index"
s344,6,6,6,", >: Ord_v for L_space, <: braid index"
s346,7,7,7,", >: Ord_v for L_space, <: braid index"
s367,4,4,4,", >: Ord_v for L_space, <: braid index"
s369,6,6,6,", >: Ord_v for L_space, <: braid index"
s384,3,3,3,is Montesinos knot
s385,3,3,3,is Montesinos knot
s407,7,7,7,", >: Ord_v for L_space, <: braid index"
s451,3,3,3,is Montesinos knot
s526,2,2,2,=: is two bridge
s558,2,2,2,=: is two bridge
s560,4,4,4,", >: Ord_v for L_space, <: braid index"
s580,3,3,3,is Montesinos knot
s582,4,4,4,", >: Ord_v for L_space, <: braid index"
s648,2,2,2,=: is two bridge
s652,3,3,3,", >: is not two bridge, <: braid index"
s665,5,5,5,", >: Ord_v for L_space, <: braid index"
s682,4,4,4,", >: Ord_v for L_space, <: braid index"
s684,5,5,5,", >: Ord_v for L_space, <: braid index"
s704,3,3,3,is Montesinos knot
s726,2,2,2,=: is two bridge
s769,6,6,6,", >: Ord_v for L_space, <: braid index"
s800,5,5,5,", >: Ord_v for L_space, <: braid index"
s836,,3,6,", >: is not two bridge, <: braid index"
s841,3,3,3,", >: is not two bridge, <: braid index"
s849,4,4,4,", >: Ord_v for L_space, <: braid index"
s862,2,2,2,=: is two bridge
s870,2,2,2,=: is two bridge
s879,3,3,3,is Montesinos knot
s912,2,2,2,=: is two bridge
v0016,2,2,2,=: is two bridge
v0025,2,2,2,=: is two bridge
v0082,5,5,5,", >: Ord_v for L_space, <: braid index"
v0114,5,5,5,", >: Ord_v for L_space, <: braid index"
v0165,3,3,3,", >: is not two bridge, <: braid index"
v0220,7,7,7,", >: Ord_v for L_space, <: braid index"
v0223,7,7,7,", >: Ord_v for L_space, <: braid index"
v0249,6,6,6,", >: Ord_v for L_space, <: braid index"
v0319,6,6,6,", >: Ord_v for L_space, <: braid index"
v0321,,3,9,", >: is not two bridge, <: braid index"
v0329,,3,10,", >: is not two bridge, <: braid index"
v0330,7,7,7,", >: Ord_v for L_space, <: braid index"
v0398,7,7,7,", >: Ord_v for L_space, <: braid index"
v0407,8,8,8,", >: Ord_v for L_space, <: braid index"
v0424,8,8,8,", >: Ord_v for L_space, <: braid index"
v0434,8,8,8,", >: Ord_v for L_space, <: braid index"
v0497,8,8,8,", >: Ord_v for L_space, <: braid index"
v0521,,3,5,", >: is not two bridge, <: braid index"
v0535,,3,5,", >: is not two bridge, <: braid index"
v0545,5,5,5,", >: Ord_v for L_space, <: braid index"
v0554,7,7,7,", >: Ord_v for L_space, <: braid index"
v0570,5,5,5,", >: Ord_v for L_space, <: braid index"
v0573,5,5,5,", >: Ord_v for L_space, <: braid index"
v0595,,3,7,", >: is not two bridge, <: braid index"
v0600,,3,5,", >: is not two bridge, <: braid index"
v0656,,3,7,", >: is not two bridge, <: braid index"
v0707,4,4,4,", >: Ord_v for L_space, <: braid index"
v0709,5,5,5,", >: Ord_v for L_space, <: braid index"
v0715,9,9,9,", >: Ord_v for L_space, <: braid index"
v0740,4,4,4,", >: Ord_v for L_space, <: braid index"
v0741,9,9,9,", >: Ord_v for L_space, <: braid index"
v0759,8,8,8,", >: Ord_v for L_space, <: braid index"
v0765,7,7,7,", >: Ord_v for L_space, <: braid index"
v0830,5,5,5,", >: Ord_v for L_space, <: braid index"
v0847,7,7,7,", >: Ord_v for L_space, <: braid index"
v0912,7,7,7,", >: Ord_v for L_space, <: braid index"
v0939,5,5,5,", >: Ord_v for L_space, <: braid index"
v0945,8,8,8,", >: Ord_v for L_space, <: braid index"
v0959,3,3,3,is Montesinos knot
v0960,3,3,3,is Montesinos knot
v1063,,3,7,", >: is not two bridge, <: braid index"
v1077,7,7,7,", >: Ord_v for L_space, <: braid index"
v1109,7,7,7,", >: Ord_v for L_space, <: braid index"
v1126,,3,6,", >: is not two bridge, <: braid index"
v1217,2,2,2,=: is two bridge
v1243,2,2,2,=: is two bridge
v1269,6,6,6,", >: Ord_v for L_space, <: braid index"
v1300,7,7,7,", >: Ord_v for L_space, <: braid index"
v1348,,3,6,", >: is not two bridge, <: braid index"
v1359,6,6,6,", >: Ord_v for L_space, <: braid index"
v1392,7,7,7,", >: Ord_v for L_space, <: braid index"
v1423,6,6,6,", >: Ord_v for L_space, <: braid index"
v1425,4,4,4,", >: Ord_v for L_space, <: braid index"
v1434,,3,5,", >: is not two bridge, <: braid index"
v1547,7,7,7,", >: Ord_v for L_space, <: braid index"
v1565,4,4,4,", >: Ord_v for L_space, <: braid index"
v1620,4,4,4,", >: Ord_v for L_space, <: braid index"
v1628,7,7,7,", >: Ord_v for L_space, <: braid index"
v1690,7,7,7,", >: Ord_v for L_space, <: braid index"
v1709,7,7,7,", >: Ord_v for L_space, <: braid index"
v1716,7,7,7,", >: Ord_v for L_space, <: braid index"
v1718,8,8,8,", >: Ord_v for L_space, <: braid index"
v1728,6,6,6,", >: Ord_v for L_space, <: braid index"
v1810,5,5,5,", >: Ord_v for L_space, <: braid index"
v1811,,3,6,", >: is not two bridge, <: braid index"
v1832,6,6,6,", >: Ord_v for L_space, <: braid index"
v1839,9,9,9,", >: Ord_v for L_space, <: braid index"
v1915,3,3,3,", >: is not two bridge, <: braid index"
v1921,8,8,8,", >: Ord_v for L_space, <: braid index"
v1935,3,3,3,is Montesinos knot
v1940,7,7,7,", >: Ord_v for L_space, <: braid index"
v1964,,3,9,", >: is not two bridge, <: braid index"
v1966,8,8,8,", >: Ord_v for L_space, <: braid index"
v1971,,3,8,", >: is not two bridge, <: braid index"
v1980,5,5,5,", >: Ord_v for L_space, <: braid index"
v1986,6,6,6,", >: Ord_v for L_space, <: braid index"
v2001,,3,6,", >: is not two bridge, <: braid index"
v2024,6,6,6,", >: Ord_v for L_space, <: braid index"
v2090,9,9,9,", >: Ord_v for L_space, <: braid index"
v2166,3,3,3,KnotInfo import
v2191,3,3,3,", >: is not two bridge, <: braid index"
v2215,5,5,5,", >: Ord_v for L_space, <: braid index"
v2217,5,5,5,", >: Ord_v for L_space, <: braid index"
v2257,,3,7,", >: is not two bridge, <: braid index"
v2272,3,3,3,is Montesinos knot
v2284,2,2,2,=: is two bridge
v2290,5,5,5,", >: Ord_v for L_space, <: braid index"
v2325,5,5,5,", >: Ord_v for L_space, <: braid index"
v2362,2,2,2,=: is two bridge
v2384,3,3,3,", >: is not two bridge, <: braid index"
v2488,2,2,2,=: is two bridge
v2508,,3,7,", >: is not two bridge, <: braid index"
v2520,2,2,2,=: is two bridge
v2543,3,3,3,is Montesinos knot
v2552,3,3,3,is Montesinos knot
v2553,3,3,3,is Montesinos knot
v2623,3,3,3,is Montesinos knot
v2624,3,3,3,is Montesinos knot
v2642,3,3,3,is Montesinos knot
v2743,,3,6,", >: is not two bridge, <: braid index"
v2759,7,7,7,", >: Ord_v for L_space, <: braid index"
v2851,4,4,4,">: Ord_v from HFK^-,<: braid index"
v2858,2,2,2,=: is two bridge
v2861,3,3,3,is Montesinos knot
v2869,,3,7,", >: is not two bridge, <: braid index"
v2871,4,4,4,", >: Ord_v for L_space, <: braid index"
v2888,,3,6,", >: is not two bridge, <: braid index"
v2894,2,2,2,=: is two bridge
v2900,6,6,6,", >: Ord_v for L_space, <: braid index"
v2925,4,4,4,", >: Ord_v for L_space, <: braid index"
v2930,7,7,7,", >: Ord_v for L_space, <: braid index"
v3070,6,6,6,", >: Ord_v for L_space, <: braid index"
v3081,4,4,4,">: Ord_v from HFK^-,<: braid index"
v3093,,3,7,", >: is not two bridge, <: braid index"
v3105,4,4,4,", >: Ord_v for L_space, <: braid index"
v3169,,3,6,", >: is not two bridge, <: braid index"
v3195,3,3,3,is Montesinos knot
v3199,4,4,4,">: Ord_v from HFK^-,<: braid index"
v3234,4,4,4,", >: Ord_v for L_space, <: braid index"
v3310,2,2,2,=: is two bridge
v3320,3,3,3,is Montesinos knot
v3335,5,5,5,", >: Ord_v for L_space, <: braid index"
v3354,6,6,6,", >: Ord_v for L_space, <: braid index"
v3356,4,4,4,">: Ord_v from HFK^-,<: braid index"
v3423,,3,6,", >: is not two bridge, <: braid index"
v3482,4,4,4,", >: Ord_v for L_space, <: braid index"
v3505,3,3,3,is Montesinos knot
v3536,3,3,3,is Montesinos knot
v3541,,3,8,", >: is not two bridge, <: braid index"
t00017,2,2,2,=: is two bridge
t00027,2,2,2,=: is two bridge
t00110,5,5,5,", >: Ord_v for L_space, <: braid index"
t00146,5,5,5,", >: Ord_v for L_space, <: braid index"
t00324,3,3,3,", >: is not two bridge, <: braid index"
t00423,7,7,7,", >: Ord_v for L_space, <: braid index"
t00434,7,7,7,", >: Ord_v for L_space, <: braid index"
t00550,6,6,6,", >: Ord_v for L_space, <: braid index"
t00565,,3,13,", >: is not two bridge, <: braid index"
t00577,,3,14,", >: is not two bridge, <: braid index"
t00621,6,6,6,", >: Ord_v for L_space, <: braid index"
t00729,7,7,7,", >: Ord_v for L_space, <: braid index"
t00787,7,7,7,", >: Ord_v for L_space, <: braid index"
t00826,8,8,8,", >: Ord_v for L_space, <: braid index"
t00855,8,8,8,", >: Ord_v for L_space, <: braid index"
t00873,8,8,8,", >: Ord_v for L_space, <: braid index"
t00932,8,8,8,", >: Ord_v for L_space, <: braid index"
t01033,5,5,5,", >: Ord_v for L_space, <: braid index"
t01037,5,5,5,", >: Ord_v for L_space, <: braid index"
t01039,,3,8,", >: is not two bridge, <: braid index"
t01125,10,10,10,", >: Ord_v for L_space, <: braid index"
t01142,,3,9,", >: is not two bridge, <: braid index"
t01216,10,10,10,", >: Ord_v for L_space, <: braid index"
t01235,,3,10,", >: is not two bridge, <: braid index"
t01268,10,10,10,", >: Ord_v for L_space, <: braid index"
t01292,10,10,10,", >: Ord_v for L_space, <: braid index"
t01318,9,9,9,", >: Ord_v for L_space, <: braid index"
t01342,,3,9,", >: is not two bridge, <: braid index"
t01368,9,9,9,", >: Ord_v for L_space, <: braid index"
t01409,9,9,9,", >: Ord_v for L_space, <: braid index"
t01422,4,4,4,", >: Ord_v for L_space, <: braid index"
t01424,9,9,9,", >: Ord_v for L_space, <: braid index"
t01440,4,4,4,", >: Ord_v for L_space, <: braid index"
t01598,11,11,11,", >: Ord_v for L_space, <: braid index"
t01636,11,11,11,", >: Ord_v for L_space, <: braid index"
t01646,11,11,11,", >: Ord_v for L_space, <: braid index"
t01690,11,11,11,", >: Ord_v for L_space, <: braid index"
t01757,7,7,7,", >: Ord_v for L_space, <: braid index"
t01779,,3,8,", >: is not two bridge, <: braid index"
t01815,6,6,6,", >: Ord_v for L_space, <: braid index"
t01834,7,7,7,", >: Ord_v for L_space, <: braid index"
t01850,8,8,8,", >: Ord_v for L_space, <: braid index"
t01863,10,10,10,", >: Ord_v for L_space, <: braid index"
t01901,,3,10,", >: is not two bridge, <: braid index"
t01949,8,8,8,", >: Ord_v for L_space, <: braid index"
t01966,5,5,5,", >: Ord_v for L_space, <: braid index"
t02019,,3,9,", >: is not two bridge, <: braid index"
t02069,,3,9,", >: is not two bridge, <: braid index"
t02099,5,5,5,", >: Ord_v for L_space, <: braid index"
t02104,9,9,9,", >: Ord_v for L_space, <: braid index"
t02188,,3,9,", >: is not two bridge, <: braid index"
t02238,8,8,8,", >: Ord_v for L_space, <: braid index"
t02275,3,3,3,is Montesinos knot
t02276,3,3,3,is Montesinos knot
t02378,11,11,11,", >: Ord_v for L_space, <: braid index"
t02398,8,8,8,", >: Ord_v for L_space, <: braid index"
t02404,9,9,9,", >: Ord_v for L_space, <: braid index"
t02470,10,10,10,", >: Ord_v for L_space, <: braid index"
t02537,7,7,7,", >: Ord_v for L_space, <: braid index"
t02567,7,7,7,", >: Ord_v for L_space, <: braid index"
t02599,,3,11,", >: is not two bridge, <: braid index"
t02634,,3,8,", >: is not two bridge, <: braid index"
t02639,11,11,11,", >: Ord_v for L_space, <: braid index"
t02789,2,2,2,=: is two bridge
t02795,2,2,2,=: is two bridge
t03106,7,7,7,", >: Ord_v for L_space, <: braid index"
t03566,7,7,7,", >: Ord_v for L_space, <: braid index"
t03592,,3,5,", >: is not two bridge, <: braid index"
t03607,10,10,10,", >: Ord_v for L_space, <: braid index"
t03608,,3,5,", >: is not two bridge, <: braid index"
t03709,7,7,7,", >: Ord_v for L_space, <: braid index"
t03710,4,4,4,", >: Ord_v for L_space, <: braid index"
t03713,7,7,7,", >: Ord_v for L_space, <: braid index"
t03781,4,4,4,", >: Ord_v for L_space, <: braid index"
t03843,5,5,5,", >: Ord_v for L_space, <: braid index"
t03864,7,7,7,", >: Ord_v for L_space, <: braid index"
t03956,7,7,7,", >: Ord_v for L_space, <: braid index"
t03979,8,8,8,", >: Ord_v for L_space, <: braid index"
t04003,7,7,7,", >: Ord_v for L_space, <: braid index"
t04019,5,5,5,", >: Ord_v for L_space, <: braid index"
t04102,7,7,7,", >: Ord_v for L_space, <: braid index"
t04180,5,5,5,", >: Ord_v for L_space, <: braid index"
t04228,9,9,9,", >: Ord_v for L_space, <: braid index"
t04244,11,11,11,", >: Ord_v for L_space, <: braid index"
t04359,,3,4,", >: is not two bridge, <: braid index"
t04364,,3,10,", >: is not two bridge, <: braid index"
t04382,10,10,10,", >: Ord_v for L_space, <: braid index"
t04449,4,4,4,", >: Ord_v for L_space, <: braid index"
t04507,,3,11,", >: is not two bridge, <: braid index"
t04557,3,3,3,", >: is not two bridge, <: braid index"
t04651,,3,8,", >: is not two bridge, <: braid index"
t04721,7,7,7,", >: Ord_v for L_space, <: braid index"
t04756,6,6,6,", >: Ord_v for L_space, <: braid index"
t04875,,3,9,", >: is not two bridge, <: braid index"
t04927,6,6,6,", >: Ord_v for L_space, <: braid index"
t04928,,3,6,", >: is not two bridge, <: braid index"
t04986,3,3,3,", >: is not two bridge, <: braid index"
t05074,,3,10,", >: is not two bridge, <: braid index"
t05118,11,11,11,", >: Ord_v for L_space, <: braid index"
t05239,11,11,11,", >: Ord_v for L_space, <: braid index"
t05252,,3,17,", >: is not two bridge, <: braid index"
t05269,,3,7,", >: is not two bridge, <: braid index"
t05288,,3,10,", >: is not two bridge, <: braid index"
t05390,6,6,6,", >: Ord_v for L_space, <: braid index"
t05399,,3,11,", >: is not two bridge, <: braid index"
t05425,6,6,6,", >: Ord_v for L_space, <: braid index"
t05426,11,11,11,", >: Ord_v for L_space, <: braid index"
t05538,5,5,5,", >: Ord_v for L_space, <: braid index"
t05564,6,6,6,", >: Ord_v for L_space, <: braid index"
t05578,9,9,9,", >: Ord_v for L_space, <: braid index"
t05658,7,7,7,", >: Ord_v for L_space, <: braid index"
t05663,8,8,8,", >: Ord_v for L_space, <: braid index"
t05674,6,6,6,", >: Ord_v for L_space, <: braid index"
t05695,5,5,5,", >: Ord_v for L_space, <: braid index"
t05803,2,2,2,=: is two bridge
t05899,2,2,2,=: is two bridge
t06001,7,7,7,", >: Ord_v for L_space, <: braid index"
t06119,2,2,2,=: is two bridge
t06161,2,2,2,=: is two bridge
t06246,7,7,7,", >: Ord_v for L_space, <: braid index"
t06316,3,3,3,KnotInfo import
t06440,8,8,8,", >: Ord_v for L_space, <: braid index"
t06463,9,9,9,", >: Ord_v for L_space, <: braid index"
t06525,7,7,7,", >: Ord_v for L_space, <: braid index"
t06570,8,8,8,", >: Ord_v for L_space, <: braid index"
t06573,3,3,3,", >: is not two bridge, <: braid index"
t06605,9,9,9,", >: Ord_v for L_space, <: braid index"
t06637,7,7,7,", >: Ord_v for L_space, <: braid index"
t06715,5,5,5,", >: Ord_v for L_space, <: braid index"
t06925,3,3,3,", >: is not two bridge, <: braid index"
t06957,8,8,8,", >: Ord_v for L_space, <: braid index"
t07070,4,4,4,", >: Ord_v for L_space, <: braid index"
t07094,,3,4,", >: is not two bridge, <: braid index"
t07104,3,3,3,", >: is not two bridge, <: braid index"
t07123,,3,5,", >: is not two bridge, <: braid index"
t07168,,3,5,", >: is not two bridge, <: braid index"
t07281,,3,8,", >: is not two bridge, <: braid index"
t07348,6,6,6,", >: Ord_v for L_space, <: braid index"
t07355,5,5,5,", >: Ord_v for L_space, <: braid index"
t07412,5,5,5,", >: Ord_v for L_space, <: braid index"
t07452,,3,7,", >: is not two bridge, <: braid index"
t07487,,3,5,", >: is not two bridge, <: braid index"
t07550,,3,7,", >: is not two bridge, <: braid index"
t07579,3,3,3,is Montesinos knot
t07599,3,3,3,is Montesinos knot
t07658,2,2,2,=: is two bridge
t07670,5,5,5,", >: Ord_v for L_space, <: braid index"
t07682,2,2,2,=: is two bridge
t07687,2,2,2,=: is two bridge
t07693,,3,5,", >: is not two bridge, <: braid index"
t07734,2,2,2,=: is two bridge
t07944,6,6,6,">: Ord_v from HFK^-,<: braid index"
t07967,,3,8,", >: is not two bridge, <: braid index"
t07979,3,3,3,KnotInfo import
t08111,5,5,5,", >: Ord_v for L_space, <: braid index"
t08114,5,5,5,", >: Ord_v for L_space, <: braid index"
t08173,,3,6,", >: is not two bridge, <: braid index"
t08184,6,6,6,", >: Ord_v for L_space, <: braid index"
t08201,7,7,7,", >: Ord_v for L_space, <: braid index"
t08237,,3,6,", >: is not two bridge, <: braid index"
t08267,8,8,8,", >: Ord_v for L_space, <: braid index"
t08273,6,6,6,", >: Ord_v for L_space, <: braid index"
t08306,3,3,3,is Montesinos knot
t08307,2,2,2,=: is two bridge
t08346,2,2,2,=: is two bridge
t08386,3,3,3,is Montesinos knot
t08387,,3,7,", >: is not two bridge, <: braid index"
t08403,9,9,9,", >: Ord_v for L_space, <: braid index"
t08443,,3,10,", >: is not two bridge, <: braid index"
t08508,,3,7,", >: is not two bridge, <: braid index"
t08532,4,4,4,", >: Ord_v for L_space, <: braid index"
t08576,6,6,6,", >: Ord_v for L_space, <: braid index"
t08617,,3,12,", >: is not two bridge, <: braid index"
t08767,6,6,6,">: Ord_v from HFK^-,<: braid index"
t08838,4,4,4,">: Ord_v from HFK^-,<: braid index"
t08898,5,5,5,">: Ord_v from HFK^-,<: braid index"
t08917,3,3,3,is Montesinos knot
t08936,6,6,6,", >: Ord_v for L_space, <: braid index"
t08967,,3,5,", >: is not two bridge, <: braid index"
t08973,4,4,4,">: Ord_v from HFK^-,<: braid index"
t09016,9,9,9,", >: Ord_v for L_space, <: braid index"
t09126,5,5,5,", >: Ord_v for L_space, <: braid index"
t09218,,3,11,", >: is not two bridge, <: braid index"
t09267,7,7,7,", >: Ord_v for L_space, <: braid index"
t09279,4,4,4,">: Ord_v from HFK^-,<: braid index"
t09284,4,4,4,", >: Ord_v for L_space, <: braid index"
t09313,7,7,7,", >: Ord_v for L_space, <: braid index"
t09359,3,3,3,is Montesinos knot
t09450,6,6,6,", >: Ord_v for L_space, <: braid index"
t09455,7,7,7,", >: Ord_v for L_space, <: braid index"
t09500,4,4,4,", >: Ord_v for L_space, <: braid index"
t09580,9,9,9,", >: Ord_v for L_space, <: braid index"
t09612,3,3,3,is Montesinos knot
t09613,3,3,3,is Montesinos knot
t09633,5,5,5,", >: Ord_v for L_space, <: braid index"
t09690,7,7,7,", >: Ord_v for L_space, <: braid index"
t09704,8,8,8,", >: Ord_v for L_space, <: braid index"
t09734,3,3,3,is Montesinos knot
t09735,3,3,3,is Montesinos knot
t09772,4,4,4,">: Ord_v from HFK^-,<: braid index"
t09847,4,4,4,", >: Ord_v for L_space, <: braid index"
t09852,6,6,6,", >: Ord_v for L_space, <: braid index"
t09859,3,3,3,is Montesinos knot
t09882,5,5,5,", >: Ord_v for L_space, <: braid index"
t09900,3,3,3,is Montesinos knot
t09901,3,3,3,is Montesinos knot
t09912,4,4,4,", >: Ord_v for L_space, <: braid index"
t09927,3,3,3,is Montesinos knot
t09954,6,6,6,", >: Ord_v for L_space, <: braid index"
t10177,6,6,6,", >: Ord_v for L_space, <: braid index"
t10188,5,5,5,", >: Ord_v for L_space, <: braid index"
t10215,5,5,5,", >: Ord_v for L_space, <: braid index"
t10224,5,5,5,", >: Ord_v for L_space, <: braid index"
t10230,6,6,6,", >: Ord_v for L_space, <: braid index"
t10262,5,5,5,", >: Ord_v for L_space, <: braid index"
t10292,5,5,5,", >: Ord_v for L_space, <: braid index"
t10407,4,4,4,">: Ord_v from HFK^-,<: braid index"
t10416,,3,6,", >: is not two bridge, <: braid index"
t10462,9,9,9,", >: Ord_v for L_space, <: braid index"
t10496,4,4,4,", >: Ord_v for L_space, <: braid index"
t10499,3,3,3,is Montesinos knot
t10500,3,3,3,is Montesinos knot
t10558,,3,4,", >: is not two bridge, <: braid index"
t10620,,3,6,", >: is not two bridge, <: braid index"
t10643,6,6,6,", >: Ord_v for L_space, <: braid index"
t10645,,3,5,", >: is not two bridge, <: braid index"
t10664,5,5,5,">: Ord_v from HFK^-,<: braid index"
t10681,11,11,11,", >: Ord_v for L_space, <: braid index"
t10832,4,4,4,", >: Ord_v for L_space, <: braid index"
t10887,,3,9,", >: is not two bridge, <: braid index"
t10930,3,3,3,is Montesinos knot
t10932,3,3,3,is Montesinos knot
t10944,5,5,5,">: Ord_v from HFK^-,<: braid index"
t10974,,3,7,", >: is not two bridge, <: braid index"
t10985,11,11,11,", >: Ord_v for L_space, <: braid index"
t11034,2,2,2,=: is two bridge
t11055,3,3,3,", >: is not two bridge, <: braid index"
t11139,,3,6,", >: is not two bridge, <: braid index"
t11198,5,5,5,", >: Ord_v for L_space, <: braid index"
t11248,,3,10,", >: is not two bridge, <: braid index"
t11291,2,2,2,=: is two bridge
t11292,3,3,3,is Montesinos knot
t11333,4,4,4,">: Ord_v from HFK^-,<: braid index"
t11376,4,4,4,", >: Ord_v for L_space, <: braid index"
t11402,,3,6,", >: is not two bridge, <: braid index"
t11418,,3,8,", >: is not two bridge, <: braid index"
t11441,,3,10,", >: is not two bridge, <: braid index"
t11460,4,4,4,">: Ord_v from HFK^-,<: braid index"
t11462,,3,7,", >: is not two bridge, <: braid index"
t11489,,3,7,", >: is not two bridge, <: braid index"
t11497,,3,7,", >: is not two bridge, <: braid index"
t11532,,3,7,", >: is not two bridge, <: braid index"
t11548,4,4,4,", >: Ord_v for L_space, <: braid index"
t11556,6,6,6,", >: Ord_v for L_space, <: braid index"
t11558,5,5,5,">: Ord_v from HFK^-,<: braid index"
t11577,,3,9,", >: is not two bridge, <: braid index"
t11618,,3,6,", >: is not two bridge, <: braid index"
t11675,2,2,2,=: is two bridge
t11748,,3,8,", >: is not two bridge, <: braid index"
t11751,3,3,3,is Montesinos knot
t11752,3,3,3,is Montesinos knot
t11795,,3,7,", >: is not two bridge, <: braid index"
t11798,3,3,3,is Montesinos knot
t11799,3,3,3,is Montesinos knot
t11814,3,3,3,is Montesinos knot
t11852,6,6,6,", >: Ord_v for L_space, <: braid index"
t11887,5,5,5,", >: Ord_v for L_space, <: braid index"
t11888,,3,8,", >: is not two bridge, <: braid index"
t11898,3,3,3,is Montesinos knot
t11900,,3,11,", >: is not two bridge, <: braid index"
t11909,5,5,5,", >: Ord_v for L_space, <: braid index"
t12120,,3,7,", >: is not two bridge, <: braid index"
t12154,,4,6,">: Ord_v from HFK^-,<: braid index"
t12180,3,3,3,is Montesinos knot
t12198,,3,4,", >: is not two bridge, <: braid index"
t12199,,3,4,", >: is not two bridge, <: braid index"
t12200,3,3,3,KnotInfo import
t12229,5,5,5,">: Ord_v from HFK^-,<: braid index"
t12247,3,3,3,is Montesinos knot
t12270,3,3,3,is Montesinos knot
t12271,3,3,3,is Montesinos knot
t12288,6,6,6,", >: Ord_v for L_space, <: braid index"
t12308,,4,6,">: Ord_v from HFK^-,<: braid index"
t12344,,3,9,", >: is not two bridge, <: braid index"
t12350,3,3,3,is Montesinos knot
t12376,,3,5,", >: is not two bridge, <: braid index"
t12388,,3,9,", >: is not two bridge, <: braid index"
t12395,2,2,2,=: is two bridge
t12456,5,5,5,">: Ord_v from HFK^-,<: braid index"
t12533,4,4,4,", >: Ord_v for L_space, <: braid index"
t12587,2,2,2,=: is two bridge
t12607,,3,8,", >: is not two bridge, <: braid index"
t12630,,3,8,", >: is not two bridge, <: braid index"
t12656,2,2,2,=: is two bridge
t12679,,3,10,", >: is not two bridge, <: braid index"
t12681,5,5,5,", >: Ord_v for L_space, <: braid index"
t12748,3,3,3,KnotInfo import
t12753,7,7,7,", >: Ord_v for L_space, <: braid index"
t12755,,3,4,", >: is not two bridge, <: braid index"
t12756,,3,4,", >: is not two bridge, <: braid index"
t12757,,3,4,", >: is not two bridge, <: braid index"
o9_00017,2,2,2,=: is two bridge
o9_00022,2,2,2,=: is two bridge
o9_00133,5,5,5,", >: Ord_v for L_space, <: braid index"
o9_00168,5,5,5,", >: Ord_v for L_space, <: braid index"
o9_00644,3,3,3,", >: is not two bridge, <: braid index"
o9_00797,7,7,7,", >: Ord_v for L_space, <: braid index"
o9_00815,7,7,7,", >: Ord_v for L_space, <: braid index"
o9_01024,,3,13,", >: is not two bridge, <: braid index"
o9_01035,,3,16,", >: is not two bridge, <: braid index"
o9_01079,6,6,6,", >: Ord_v for L_space, <: braid index"
o9_01175,6,6,6,", >: Ord_v for L_space, <: braid index"
o9_01436,7,7,7,", >: Ord_v for L_space, <: braid index"
o9_01496,7,7,7,", >: Ord_v for L_space, <: braid index"
o9_01584,8,8,8,", >: Ord_v for L_space, <: braid index"
o9_01621,8,8,8,", >: Ord_v for L_space, <: braid index"
o9_01680,8,8,8,", >: Ord_v for L_space, <: braid index"
o9_01765,8,8,8,", >: Ord_v for L_space, <: braid index"
o9_01936,7,7,7,", >: Ord_v for L_space, <: braid index"
o9_01953,5,5,5,", >: Ord_v for L_space, <: braid index"
o9_01955,5,5,5,", >: Ord_v for L_space, <: braid index"
o9_02030,,3,12,", >: is not two bridge, <: braid index"
o9_02163,,3,15,", >: is not two bridge, <: braid index"
o9_02255,10,10,10,", >: Ord_v for L_space, <: braid index"
o9_02340,10,10,10,", >: Ord_v for L_space, <: braid index"
o9_02350,10,10,10,", >: Ord_v for L_space, <: braid index"
o9_02383,7,7,7,", >: Ord_v for L_space, <: braid index"
o9_02386,10,10,10,", >: Ord_v for L_space, <: braid index"
o9_02471,,3,12,", >: is not two bridge, <: braid index"
o9_02559,,3,15,", >: is not two bridge, <: braid index"
o9_02655,9,9,9,", >: Ord_v for L_space, <: braid index"
o9_02696,9,9,9,", >: Ord_v for L_space, <: braid index"
o9_02706,9,9,9,", >: Ord_v for L_space, <: braid index"
o9_02735,9,9,9,", >: Ord_v for L_space, <: braid index"
o9_02772,9,9,9,", >: Ord_v for L_space, <: braid index"
o9_02786,4,4,4,", >: Ord_v for L_space, <: braid index"
o9_02794,4,4,4,", >: Ord_v for L_space, <: braid index"
o9_02873,,4,7,">: Ord_v from HFK^-,<: braid index"
o9_02909,6,6,6,", >: Ord_v for L_space, <: braid index"
o9_03032,9,9,9,", >: Ord_v for L_space, <: braid index"
o9_03108,9,9,9,", >: Ord_v for L_space, <: braid index"
o9_03118,11,11,11,", >: Ord_v for L_space, <: braid index"
o9_03133,11,11,11,", >: Ord_v for L_space, <: braid index"
o9_03149,,11,12,", >: Ord_v for L_space, <: braid index"
o9_03162,11,11,11,", >: Ord_v for L_space, <: braid index"
o9_03188,11,11,11,", >: Ord_v for L_space, <: braid index"
o9_03278,,4,6,">: Ord_v from HFK^-,<: braid index"
o9_03288,11,11,11,", >: Ord_v for L_space, <: braid index"
o9_03313,11,11,11,", >: Ord_v for L_space, <: braid index"
o9_03412,11,11,11,", >: Ord_v for L_space, <: braid index"
o9_03420,,4,10,">: Ord_v from HFK^-,<: braid index"
o9_03526,6,6,6,", >: Ord_v for L_space, <: braid index"
o9_03586,7,7,7,", >: Ord_v for L_space, <: braid index"
o9_03597,,3,7,", >: is not two bridge, <: braid index"
o9_03622,7,7,7,", >: Ord_v for L_space, <: braid index"
o9_03802,11,11,11,", >: Ord_v for L_space, <: braid index"
o9_03833,9,9,9,", >: Ord_v for L_space, <: braid index"
o9_03862,,3,10,", >: is not two bridge, <: braid index"
o9_03932,9,9,9,", >: Ord_v for L_space, <: braid index"
o9_04037,,3,16,", >: is not two bridge, <: braid index"
o9_04054,6,6,6,", >: Ord_v for L_space, <: braid index"
o9_04060,5,5,5,", >: Ord_v for L_space, <: braid index"
o9_04106,12,12,12,", >: Ord_v for L_space, <: braid index"
o9_04139,,3,19,", >: is not two bridge, <: braid index"
o9_04205,12,12,12,", >: Ord_v for L_space, <: braid index"
o9_04245,13,13,13,", >: Ord_v for L_space, <: braid index"
o9_04269,5,5,5,", >: Ord_v for L_space, <: braid index"
o9_04313,13,13,13,", >: Ord_v for L_space, <: braid index"
o9_04431,,13,18,", >: Ord_v for L_space, <: braid index"
o9_04435,9,9,9,", >: Ord_v for L_space, <: braid index"
o9_04438,13,13,13,", >: Ord_v for L_space, <: braid index"
o9_04938,6,6,6,", >: Ord_v for L_space, <: braid index"
o9_04950,,3,17,", >: is not two bridge, <: braid index"
o9_05021,8,8,8,", >: Ord_v for L_space, <: braid index"
o9_05028,,3,16,", >: is not two bridge, <: braid index"
o9_05177,8,8,8,", >: Ord_v for L_space, <: braid index"
o9_05229,12,12,12,", >: Ord_v for L_space, <: braid index"
o9_05286,3,3,3,is Montesinos knot
o9_05287,3,3,3,is Montesinos knot
o9_05357,11,11,11,", >: Ord_v for L_space, <: braid index"
o9_05426,7,7,7,", >: Ord_v for L_space, <: braid index"
o9_05483,7,7,7,", >: Ord_v for L_space, <: braid index"
o9_05562,13,13,13,", >: Ord_v for L_space, <: braid index"
o9_05564,,3,11,", >: is not two bridge, <: braid index"
o9_05618,12,12,12,", >: Ord_v for L_space, <: braid index"
o9_05624,,3,12,", >: is not two bridge, <: braid index"
o9_05860,10,10,10,", >: Ord_v for L_space, <: braid index"
o9_05970,13,13,13,", >: Ord_v for L_space, <: braid index"
o9_06060,9,9,9,", >: Ord_v for L_space, <: braid index"
o9_06128,10,10,10,", >: Ord_v for L_space, <: braid index"
o9_06154,9,9,9,", >: Ord_v for L_space, <: braid index"
o9_06248,11,11,11,", >: Ord_v for L_space, <: braid index"
o9_06301,11,11,11,", >: Ord_v for L_space, <: braid index"
o9_06369,2,2,2,=: is two bridge
o9_06393,2,2,2,=: is two bridge
o9_06956,9,9,9,", >: Ord_v for L_space, <: braid index"
o9_07044,9,9,9,", >: Ord_v for L_space, <: braid index"
o9_07152,10,10,10,", >: Ord_v for L_space, <: braid index"
o9_07167,8,8,8,", >: Ord_v for L_space, <: braid index"
o9_07195,10,10,10,", >: Ord_v for L_space, <: braid index"
o9_07401,8,8,8,", >: Ord_v for L_space, <: braid index"
o9_07674,,3,7,", >: is not two bridge, <: braid index"
o9_07761,,3,8,", >: is not two bridge, <: braid index"
o9_07790,11,11,11,", >: Ord_v for L_space, <: braid index"
o9_07893,12,12,12,", >: Ord_v for L_space, <: braid index"
o9_07943,7,7,7,", >: Ord_v for L_space, <: braid index"
o9_07945,12,12,12,", >: Ord_v for L_space, <: braid index"
o9_08006,11,11,11,", >: Ord_v for L_space, <: braid index"
o9_08042,7,7,7,", >: Ord_v for L_space, <: braid index"
o9_08160,,4,8,">: Ord_v from HFK^-,<: braid index"
o9_08179,,4,9,">: Ord_v from HFK^-,<: braid index"
o9_08224,7,7,7,", >: Ord_v for L_space, <: braid index"
o9_08268,,4,10,">: Ord_v from HFK^-,<: braid index"
o9_08280,,4,11,">: Ord_v from HFK^-,<: braid index"
o9_08302,7,7,7,", >: Ord_v for L_space, <: braid index"
o9_08402,4,4,4,", >: Ord_v for L_space, <: braid index"
o9_08477,4,4,4,", >: Ord_v for L_space, <: braid index"
o9_08497,7,7,7,", >: Ord_v for L_space, <: braid index"
o9_08647,,14,15,", >: Ord_v for L_space, <: braid index"
o9_08765,7,7,7,", >: Ord_v for L_space, <: braid index"
o9_08767,,4,5,">: Ord_v from HFK^-,<: braid index"
o9_08771,14,14,14,", >: Ord_v for L_space, <: braid index"
o9_08776,14,14,14,", >: Ord_v for L_space, <: braid index"
o9_08828,13,13,13,", >: Ord_v for L_space, <: braid index"
o9_08831,7,7,7,", >: Ord_v for L_space, <: braid index"
o9_08852,14,14,14,", >: Ord_v for L_space, <: braid index"
o9_08875,13,13,13,", >: Ord_v for L_space, <: braid index"
o9_09052,5,5,5,", >: Ord_v for L_space, <: braid index"
o9_09213,5,5,5,", >: Ord_v for L_space, <: braid index"
o9_09214,,3,8,", >: is not two bridge, <: braid index"
o9_09271,8,8,8,", >: Ord_v for L_space, <: braid index"
o9_09372,10,10,10,", >: Ord_v for L_space, <: braid index"
o9_09408,,3,10,", >: is not two bridge, <: braid index"
o9_09465,13,13,13,", >: Ord_v for L_space, <: braid index"
o9_09486,,3,6,", >: is not two bridge, <: braid index"
o9_09530,,3,15,", >: is not two bridge, <: braid index"
o9_09648,,4,7,">: Ord_v from HFK^-,<: braid index"
o9_09731,7,7,7,", >: Ord_v for L_space, <: braid index"
o9_09808,13,13,13,", >: Ord_v for L_space, <: braid index"
o9_10020,3,3,3,", >: is not two bridge, <: braid index"
o9_10192,9,9,9,", >: Ord_v for L_space, <: braid index"
o9_10213,8,8,8,", >: Ord_v for L_space, <: braid index"
o9_10288,,3,9,", >: is not two bridge, <: braid index"
o9_10598,3,3,3,", >: is not two bridge, <: braid index"
o9_10654,,3,14,", >: is not two bridge, <: braid index"
o9_10696,9,9,9,", >: Ord_v for L_space, <: braid index"
o9_10817,,3,21,", >: is not two bridge, <: braid index"
o9_11002,8,8,8,", >: Ord_v for L_space, <: braid index"
o9_11100,9,9,9,", >: Ord_v for L_space, <: braid index"
o9_11161,,3,12,", >: is not two bridge, <: braid index"
o9_11248,11,11,11,", >: Ord_v for L_space, <: braid index"
o9_11270,,3,9,", >: is not two bridge, <: braid index"
o9_11288,,3,10,", >: is not two bridge, <: braid index"
o9_11413,,3,4,", >: is not two bridge, <: braid index"
o9_11467,11,11,11,", >: Ord_v for L_space, <: braid index"
o9_11490,,3,13,", >: is not two bridge, <: braid index"
o9_11537,6,6,6,", >: Ord_v for L_space, <: braid index"
o9_11541,4,4,4,", >: Ord_v for L_space, <: braid index"
o9_11556,9,9,9,", >: Ord_v for L_space, <: braid index"
o9_11560,11,11,11,", >: Ord_v for L_space, <: braid index"
o9_11570,11,11,11,", >: Ord_v for L_space, <: braid index"
o9_11577,,3,14,", >: is not two bridge, <: braid index"
o9_11658,6,6,6,", >: Ord_v for L_space, <: braid index"
o9_11685,10,10,10,", >: Ord_v for L_space, <: braid index"
o9_11795,10,10,10,", >: Ord_v for L_space, <: braid index"
o9_11845,8,8,8,", >: Ord_v for L_space, <: braid index"
o9_11999,13,13,13,", >: Ord_v for L_space, <: braid index"
o9_12079,10,10,10,", >: Ord_v for L_space, <: braid index"
o9_12144,,10,13,", >: Ord_v for L_space, <: braid index"
o9_12230,11,11,11,", >: Ord_v for L_space, <: braid index"
o9_12253,5,5,5,", >: Ord_v for L_space, <: braid index"
o9_12412,10,10,10,", >: Ord_v for L_space, <: braid index"
o9_12414,,3,12,", >: is not two bridge, <: braid index"
o9_12459,8,8,8,", >: Ord_v for L_space, <: braid index"
o9_12477,8,8,8,", >: Ord_v for L_space, <: braid index"
o9_12519,5,5,5,", >: Ord_v for L_space, <: braid index"
o9_12693,5,5,5,", >: Ord_v for L_space, <: braid index"
o9_12736,9,9,9,", >: Ord_v for L_space, <: braid index"
o9_12757,5,5,5,", >: Ord_v for L_space, <: braid index"
o9_12773,,3,10,", >: is not two bridge, <: braid index"
o9_12797,,4,9,">: Ord_v from HFK^-,<: braid index"
o9_12873,14,14,14,", >: Ord_v for L_space, <: braid index"
o9_12892,11,11,11,", >: Ord_v for L_space, <: braid index"
o9_12919,11,11,11,", >: Ord_v for L_space, <: braid index"
o9_12971,6,6,6,", >: Ord_v for L_space, <: braid index"
o9_13052,8,8,8,", >: Ord_v for L_space, <: braid index"
o9_13054,7,7,7,", >: Ord_v for L_space, <: braid index"
o9_13056,11,11,11,", >: Ord_v for L_space, <: braid index"
o9_13125,10,10,10,", >: Ord_v for L_space, <: braid index"
o9_13126,,4,12,">: Ord_v from HFK^-,<: braid index"
o9_13136,,3,13,", >: is not two bridge, <: braid index"
o9_13141,2,2,2,=: is two bridge
o9_13182,6,6,6,", >: Ord_v for L_space, <: braid index"
o9_13188,6,6,6,", >: Ord_v for L_space, <: braid index"
o9_13240,,3,11,", >: is not two bridge, <: braid index"
o9_13273,2,2,2,=: is two bridge
o9_13342,,3,9,", >: is not two bridge, <: braid index"
o9_13400,8,8,8,", >: Ord_v for L_space, <: braid index"
o9_13403,11,11,11,", >: Ord_v for L_space, <: braid index"
o9_13433,12,12,12,", >: Ord_v for L_space, <: braid index"
o9_13508,13,13,13,", >: Ord_v for L_space, <: braid index"
o9_13537,11,11,11,", >: Ord_v for L_space, <: braid index"
o9_13604,6,6,6,", >: Ord_v for L_space, <: braid index"
o9_13638,2,2,2,=: is two bridge
o9_13639,8,8,8,", >: Ord_v for L_space, <: braid index"
o9_13649,11,11,11,", >: Ord_v for L_space, <: braid index"
o9_13666,11,11,11,", >: Ord_v for L_space, <: braid index"
o9_13720,10,10,10,", >: Ord_v for L_space, <: braid index"
o9_13732,2,2,2,=: is two bridge
o9_13952,,13,14,", >: Ord_v for L_space, <: braid index"
o9_14018,13,13,13,", >: Ord_v for L_space, <: braid index"
o9_14079,,13,14,", >: Ord_v for L_space, <: braid index"
o9_14108,9,9,9,", >: Ord_v for L_space, <: braid index"
o9_14136,9,9,9,", >: Ord_v for L_space, <: braid index"
o9_14359,9,9,9,", >: Ord_v for L_space, <: braid index"
o9_14364,7,7,7,", >: Ord_v for L_space, <: braid index"
o9_14376,10,10,10,", >: Ord_v for L_space, <: braid index"
o9_14495,10,10,10,", >: Ord_v for L_space, <: braid index"
o9_14599,13,13,13,", >: Ord_v for L_space, <: braid index"
o9_14716,7,7,7,", >: Ord_v for L_space, <: braid index"
o9_14831,8,8,8,", >: Ord_v for L_space, <: braid index"
o9_14974,11,11,11,", >: Ord_v for L_space, <: braid index"
o9_15506,11,11,11,", >: Ord_v for L_space, <: braid index"
o9_15633,12,12,12,", >: Ord_v for L_space, <: braid index"
o9_15808,7,7,7,", >: Ord_v for L_space, <: braid index"
o9_15997,13,13,13,", >: Ord_v for L_space, <: braid index"
o9_16033,,3,9,", >: is not two bridge, <: braid index"
o9_16065,14,14,14,", >: Ord_v for L_space, <: braid index"
o9_16141,11,11,11,", >: Ord_v for L_space, <: braid index"
o9_16157,9,9,9,", >: Ord_v for L_space, <: braid index"
o9_16181,,13,15,", >: Ord_v for L_space, <: braid index"
o9_16248,3,3,3,", >: is not two bridge, <: braid index"
o9_16319,,9,11,", >: Ord_v for L_space, <: braid index"
o9_16356,8,8,8,", >: Ord_v for L_space, <: braid index"
o9_16431,7,7,7,", >: Ord_v for L_space, <: braid index"
o9_16514,7,7,7,", >: Ord_v for L_space, <: braid index"
o9_16527,8,8,8,", >: Ord_v for L_space, <: braid index"
o9_16642,11,11,11,", >: Ord_v for L_space, <: braid index"
o9_16685,3,3,3,", >: is not two bridge, <: braid index"
o9_16748,7,7,7,", >: Ord_v for L_space, <: braid index"
o9_16874,,3,12,", >: is not two bridge, <: braid index"
o9_16920,8,8,8,", >: Ord_v for L_space, <: braid index"
o9_16941,,3,4,", >: is not two bridge, <: braid index"
o9_16959,,4,12,">: Ord_v from HFK^-,<: braid index"
o9_16991,,3,4,", >: is not two bridge, <: braid index"
o9_17382,9,9,9,", >: Ord_v for L_space, <: braid index"
o9_17388,,3,11,", >: is not two bridge, <: braid index"
o9_17450,11,11,11,", >: Ord_v for L_space, <: braid index"
o9_17646,5,5,5,", >: Ord_v for L_space, <: braid index"
o9_18007,7,7,7,", >: Ord_v for L_space, <: braid index"
o9_18054,,3,12,", >: is not two bridge, <: braid index"
o9_18181,3,3,3,", >: is not two bridge, <: braid index"
o9_18209,7,7,7,", >: Ord_v for L_space, <: braid index"
o9_18341,3,3,3,", >: is not two bridge, <: braid index"
o9_18633,11,11,11,", >: Ord_v for L_space, <: braid index"
o9_18646,5,5,5,", >: Ord_v for L_space, <: braid index"
o9_18772,,3,12,", >: is not two bridge, <: braid index"
o9_18813,9,9,9,", >: Ord_v for L_space, <: braid index"
o9_18905,2,2,2,=: is two bridge
o9_18931,,3,11,", >: is not two bridge, <: braid index"
o9_18946,2,2,2,=: is two bridge
o9_19031,,3,7,", >: is not two bridge, <: braid index"
o9_19130,7,7,7,", >: Ord_v for L_space, <: braid index"
o9_19200,3,3,3,", >: is not two bridge, <: braid index"
o9_19247,9,9,9,", >: Ord_v for L_space, <: braid index"
o9_19326,,3,11,", >: is not two bridge, <: braid index"
o9_19364,3,3,3,", >: is not two bridge, <: braid index"
o9_19396,4,4,4,", >: Ord_v for L_space, <: braid index"
o9_19645,9,9,9,", >: Ord_v for L_space, <: braid index"
o9_19660,,3,5,", >: is not two bridge, <: braid index"
o9_19721,,4,6,">: Ord_v from HFK^-,<: braid index"
o9_19724,10,10,10,", >: Ord_v for L_space, <: braid index"
o9_19831,,3,16,", >: is not two bridge, <: braid index"
o9_20029,10,10,10,", >: Ord_v for L_space, <: braid index"
o9_20180,,3,10,", >: is not two bridge, <: braid index"
o9_20219,10,10,10,", >: Ord_v for L_space, <: braid index"
o9_20305,6,6,6,", >: Ord_v for L_space, <: braid index"
o9_20364,9,9,9,", >: Ord_v for L_space, <: braid index"
o9_20397,2,2,2,=: is two bridge
o9_20458,2,2,2,=: is two bridge
o9_20472,9,9,9,", >: Ord_v for L_space, <: braid index"
o9_20617,,3,12,", >: is not two bridge, <: braid index"
o9_20656,,4,5,">: Ord_v from HFK^-,<: braid index"
o9_20894,3,3,3,is Montesinos knot
o9_20956,,3,17,", >: is not two bridge, <: braid index"
o9_21066,2,2,2,=: is two bridge
o9_21103,,3,7,", >: is not two bridge, <: braid index"
o9_21116,2,2,2,=: is two bridge
o9_21195,8,8,8,", >: Ord_v for L_space, <: braid index"
o9_21236,,3,6,", >: is not two bridge, <: braid index"
o9_21496,5,5,5,", >: Ord_v for L_space, <: braid index"
o9_21513,10,10,10,", >: Ord_v for L_space, <: braid index"
o9_21545,,3,5,", >: is not two bridge, <: braid index"
o9_21620,7,7,7,", >: Ord_v for L_space, <: braid index"
o9_21697,,4,6,">: Ord_v from HFK^-,<: braid index"
o9_21704,6,6,6,">: Ord_v from HFK^-,<: braid index"
o9_21722,,4,6,">: Ord_v from HFK^-,<: braid index"
o9_21786,,3,12,", >: is not two bridge, <: braid index"
o9_21893,7,7,7,", >: Ord_v for L_space, <: braid index"
o9_21905,,4,6,">: Ord_v from HFK^-,<: braid index"
o9_21918,5,5,5,", >: Ord_v for L_space, <: braid index"
o9_21927,2,2,2,=: is two bridge
o9_21958,2,2,2,=: is two bridge
o9_21992,,3,8,", >: is not two bridge, <: braid index"
o9_22066,3,3,3,is Montesinos knot
o9_22100,6,6,6,">: Ord_v from HFK^-,<: braid index"
o9_22129,10,10,10,", >: Ord_v for L_space, <: braid index"
o9_22148,4,4,4,">: Ord_v from HFK^-,<: braid index"
o9_22182,,3,9,", >: is not two bridge, <: braid index"
o9_22199,,3,5,", >: is not two bridge, <: braid index"
o9_22252,10,10,10,", >: Ord_v for L_space, <: braid index"
o9_22266,4,4,4,">: Ord_v from HFK^-,<: braid index"
o9_22337,,3,9,", >: is not two bridge, <: braid index"
o9_22477,8,8,8,", >: Ord_v for L_space, <: braid index"
o9_22550,,3,6,", >: is not two bridge, <: braid index"
o9_22607,9,9,9,", >: Ord_v for L_space, <: braid index"
o9_22663,9,9,9,", >: Ord_v for L_space, <: braid index"
o9_22698,9,9,9,", >: Ord_v for L_space, <: braid index"
o9_22790,,3,9,", >: is not two bridge, <: braid index"
o9_22883,,3,4,", >: is not two bridge, <: braid index"
o9_22925,6,6,6,", >: Ord_v for L_space, <: braid index"
o9_22951,,3,12,", >: is not two bridge, <: braid index"
o9_23023,9,9,9,", >: Ord_v for L_space, <: braid index"
o9_23032,6,6,6,", >: Ord_v for L_space, <: braid index"
o9_23069,,4,6,">: Ord_v from HFK^-,<: braid index"
o9_23094,,3,14,", >: is not two bridge, <: braid index"
o9_23147,,3,6,", >: is not two bridge, <: braid index"
o9_23178,3,3,3,is Montesinos knot
o9_23179,6,6,6,", >: Ord_v for L_space, <: braid index"
o9_23263,11,11,11,", >: Ord_v for L_space, <: braid index"
o9_23461,8,8,8,", >: Ord_v for L_space, <: braid index"
o9_23571,,3,8,", >: is not two bridge, <: braid index"
o9_23646,4,4,4,">: Ord_v from HFK^-,<: braid index"
o9_23660,11,11,11,", >: Ord_v for L_space, <: braid index"
o9_23723,6,6,6,", >: Ord_v for L_space, <: braid index"
o9_23786,,3,12,", >: is not two bridge, <: braid index"
o9_23955,7,7,7,", >: Ord_v for L_space, <: braid index"
o9_23961,10,10,10,", >: Ord_v for L_space, <: braid index"
o9_23971,5,5,5,", >: Ord_v for L_space, <: braid index"
o9_23977,9,9,9,", >: Ord_v for L_space, <: braid index"
o9_24030,,4,5,">: Ord_v from HFK^-,<: braid index"
o9_24047,,4,5,">: Ord_v from HFK^-,<: braid index"
o9_24069,7,7,7,", >: Ord_v for L_space, <: braid index"
o9_24126,,10,11,", >: Ord_v for L_space, <: braid index"
o9_24149,7,7,7,", >: Ord_v for L_space, <: braid index"
o9_24183,14,14,14,", >: Ord_v for L_space, <: braid index"
o9_24290,5,5,5,", >: Ord_v for L_space, <: braid index"
o9_24293,,3,13,", >: is not two bridge, <: braid index"
o9_24401,5,5,5,", >: Ord_v for L_space, <: braid index"
o9_24407,8,8,8,", >: Ord_v for L_space, <: braid index"
o9_24510,5,5,5,">: Ord_v from HFK^-,<: braid index"
o9_24518,,4,8,">: Ord_v from HFK^-,<: braid index"
o9_24534,9,9,9,", >: Ord_v for L_space, <: braid index"
o9_24592,8,8,8,", >: Ord_v for L_space, <: braid index"
o9_24667,,3,6,", >: is not two bridge, <: braid index"
o9_24670,,3,14,", >: is not two bridge, <: braid index"
o9_24779,5,5,5,", >: Ord_v for L_space, <: braid index"
o9_24886,14,14,14,", >: Ord_v for L_space, <: braid index"
o9_24889,9,9,9,", >: Ord_v for L_space, <: braid index"
o9_24946,5,5,5,", >: Ord_v for L_space, <: braid index"
o9_25096,,3,8,", >: is not two bridge, <: braid index"
o9_25106,,3,13,", >: is not two bridge, <: braid index"
o9_25110,8,8,8,", >: Ord_v for L_space, <: braid index"
o9_25199,5,5,5,", >: Ord_v for L_space, <: braid index"
o9_25283,3,3,3,is Montesinos knot
o9_25341,4,4,4,", >: Ord_v for L_space, <: braid index"
o9_25345,,3,8,", >: is not two bridge, <: braid index"
o9_25444,4,4,4,", >: Ord_v for L_space, <: braid index"
o9_25595,10,10,10,", >: Ord_v for L_space, <: braid index"
o9_25709,4,4,4,", >: Ord_v for L_space, <: braid index"
o9_25832,4,4,4,", >: Ord_v for L_space, <: braid index"
o9_25878,,3,6,", >: is not two bridge, <: braid index"
o9_26120,,3,13,", >: is not two bridge, <: braid index"
o9_26141,9,9,9,", >: Ord_v for L_space, <: braid index"
o9_26170,,3,6,", >: is not two bridge, <: braid index"
o9_26471,4,4,4,", >: Ord_v for L_space, <: braid index"
o9_26570,7,7,7,", >: Ord_v for L_space, <: braid index"
o9_26604,9,9,9,", >: Ord_v for L_space, <: braid index"
o9_26767,5,5,5,", >: Ord_v for L_space, <: braid index"
o9_26774,,3,9,", >: is not two bridge, <: braid index"
o9_26791,11,11,11,", >: Ord_v for L_space, <: braid index"
o9_26913,4,4,4,">: Ord_v from HFK^-,<: braid index"
o9_27046,6,6,6,">: Ord_v from HFK^-,<: braid index"
o9_27079,,3,11,", >: is not two bridge, <: braid index"
o9_27107,7,7,7,", >: Ord_v for L_space, <: braid index"
o9_27155,11,11,11,", >: Ord_v for L_space, <: braid index"
o9_27165,,3,12,", >: is not two bridge, <: braid index"
o9_27215,,3,7,", >: is not two bridge, <: braid index"
o9_27243,4,4,4,">: Ord_v from HFK^-,<: braid index"
o9_27261,8,8,8,", >: Ord_v for L_space, <: braid index"
o9_27286,,3,5,", >: is not two bridge, <: braid index"
o9_27371,6,6,6,", >: Ord_v for L_space, <: braid index"
o9_27392,7,7,7,", >: Ord_v for L_space, <: braid index"
o9_27429,10,10,10,", >: Ord_v for L_space, <: braid index"
o9_27480,11,11,11,", >: Ord_v for L_space, <: braid index"
o9_27542,,3,10,", >: is not two bridge, <: braid index"
o9_27737,,10,11,", >: Ord_v for L_space, <: braid index"
o9_27767,9,9,9,", >: Ord_v for L_space, <: braid index"
o9_27889,4,4,4,">: Ord_v from HFK^-,<: braid index"
o9_27893,,3,10,", >: is not two bridge, <: braid index"
o9_28070,4,4,4,">: Ord_v from HFK^-,<: braid index"
o9_28113,6,6,6,", >: Ord_v for L_space, <: braid index"
o9_28149,,3,9,", >: is not two bridge, <: braid index"
o9_28153,9,9,9,", >: Ord_v for L_space, <: braid index"
o9_28207,,3,7,", >: is not two bridge, <: braid index"
o9_28230,4,4,4,">: Ord_v from HFK^-,<: braid index"
o9_28284,7,7,7,", >: Ord_v for L_space, <: braid index"
o9_28354,,3,7,", >: is not two bridge, <: braid index"
o9_28529,13,13,13,", >: Ord_v for L_space, <: braid index"
o9_28592,8,8,8,", >: Ord_v for L_space, <: braid index"
o9_28622,,4,5,">: Ord_v from HFK^-,<: braid index"
o9_28746,11,11,11,", >: Ord_v for L_space, <: braid index"
o9_28751,8,8,8,", >: Ord_v for L_space, <: braid index"
o9_28810,9,9,9,", >: Ord_v for L_space, <: braid index"
o9_28874,,3,8,", >: is not two bridge, <: braid index"
o9_28929,,3,8,", >: is not two bridge, <: braid index"
o9_29048,5,5,5,", >: Ord_v for L_space, <: braid index"
o9_29141,,3,5,", >: is not two bridge, <: braid index"
o9_29246,8,8,8,", >: Ord_v for L_space, <: braid index"
o9_29278,5,5,5,">: Ord_v from HFK^-,<: braid index"
o9_29367,5,5,5,">: Ord_v from HFK^-,<: braid index"
o9_29436,9,9,9,", >: Ord_v for L_space, <: braid index"
o9_29484,5,5,5,">: Ord_v from HFK^-,<: braid index"
o9_29529,8,8,8,", >: Ord_v for L_space, <: braid index"
o9_29551,9,9,9,", >: Ord_v for L_space, <: braid index"
o9_29648,7,7,7,", >: Ord_v for L_space, <: braid index"
o9_29662,,3,13,", >: is not two bridge, <: braid index"
o9_29669,,3,6,", >: is not two bridge, <: braid index"
o9_29698,,3,5,", >: is not two bridge, <: braid index"
o9_29751,7,7,7,", >: Ord_v for L_space, <: braid index"
o9_29766,5,5,5,", >: Ord_v for L_space, <: braid index"
o9_29799,4,4,4,">: Ord_v from HFK^-,<: braid index"
o9_29916,,3,7,", >: is not two bridge, <: braid index"
o9_29972,,3,4,", >: is not two bridge, <: braid index"
o9_29992,,3,9,", >: is not two bridge, <: braid index"
o9_30018,,3,10,", >: is not two bridge, <: braid index"
o9_30040,,4,6,">: Ord_v from HFK^-,<: braid index"
o9_30087,,3,11,", >: is not two bridge, <: braid index"
o9_30142,10,10,10,", >: Ord_v for L_space, <: braid index"
o9_30147,,3,8,", >: is not two bridge, <: braid index"
o9_30150,8,8,8,", >: Ord_v for L_space, <: braid index"
o9_30281,4,4,4,">: Ord_v from HFK^-,<: braid index"
o9_30324,6,6,6,">: Ord_v from HFK^-,<: braid index"
o9_30375,,11,13,", >: Ord_v for L_space, <: braid index"
o9_30430,,3,12,", >: is not two bridge, <: braid index"
o9_30499,3,3,3,is Montesinos knot
o9_30502,,3,8,", >: is not two bridge, <: braid index"
o9_30542,,3,5,", >: is not two bridge, <: braid index"
o9_30564,,3,4,", >: is not two bridge, <: braid index"
o9_30634,4,4,4,", >: Ord_v for L_space, <: braid index"
o9_30650,7,7,7,", >: Ord_v for L_space, <: braid index"
o9_30696,,3,7,", >: is not two bridge, <: braid index"
o9_30721,7,7,7,", >: Ord_v for L_space, <: braid index"
o9_30790,13,13,13,", >: Ord_v for L_space, <: braid index"
o9_30978,5,5,5,">: Ord_v from HFK^-,<: braid index"
o9_31036,3,3,3,is Montesinos knot
o9_31042,,3,8,", >: is not two bridge, <: braid index"
o9_31165,11,11,11,", >: Ord_v for L_space, <: braid index"
o9_31228,5,5,5,">: Ord_v from HFK^-,<: braid index"
o9_31267,7,7,7,", >: Ord_v for L_space, <: braid index"
o9_31294,5,5,5,">: Ord_v from HFK^-,<: braid index"
o9_31310,,3,5,", >: is not two bridge, <: braid index"
o9_31321,4,4,4,", >: Ord_v for L_space, <: braid index"
o9_31430,,3,9,", >: is not two bridge, <: braid index"
o9_31440,8,8,8,", >: Ord_v for L_space, <: braid index"
o9_31472,,3,6,", >: is not two bridge, <: braid index"
o9_31481,7,7,7,", >: Ord_v for L_space, <: braid index"
o9_31692,4,4,4,">: Ord_v from HFK^-,<: braid index"
o9_31828,,3,11,", >: is not two bridge, <: braid index"
o9_31868,3,3,3,is Montesinos knot
o9_31935,4,4,4,">: Ord_v from HFK^-,<: braid index"
o9_31955,4,4,4,">: Ord_v from HFK^-,<: braid index"
o9_31967,6,6,6,">: Ord_v from HFK^-,<: braid index"
o9_31990,,3,8,", >: is not two bridge, <: braid index"
o9_32028,,3,6,", >: is not two bridge, <: braid index"
o9_32044,4,4,4,", >: Ord_v for L_space, <: braid index"
o9_32065,8,8,8,", >: Ord_v for L_space, <: braid index"
o9_32132,7,7,7,", >: Ord_v for L_space, <: braid index"
o9_32150,4,4,4,", >: Ord_v for L_space, <: braid index"
o9_32208,2,2,2,=: is two bridge
o9_32257,7,7,7,", >: Ord_v for L_space, <: braid index"
o9_32314,7,7,7,", >: Ord_v for L_space, <: braid index"
o9_32471,5,5,5,", >: Ord_v for L_space, <: braid index"
o9_32570,,3,9,", >: is not two bridge, <: braid index"
o9_32588,5,5,5,", >: Ord_v for L_space, <: braid index"
o9_32687,,3,6,", >: is not two bridge, <: braid index"
o9_32739,7,7,7,">: Ord_v from HFK^-,<: braid index"
o9_32964,6,6,6,", >: Ord_v for L_space, <: braid index"
o9_32994,,3,5,", >: is not two bridge, <: braid index"
o9_33067,,3,12,", >: is not two bridge, <: braid index"
o9_33111,,3,5,", >: is not two bridge, <: braid index"
o9_33112,2,2,2,=: is two bridge
o9_33189,4,4,4,", >: Ord_v for L_space, <: braid index"
o9_33262,3,3,3,is Montesinos knot
o9_33263,3,3,3,is Montesinos knot
o9_33284,7,7,7,", >: Ord_v for L_space, <: braid index"
o9_33363,,3,7,", >: is not two bridge, <: braid index"
o9_33380,5,5,5,", >: Ord_v for L_space, <: braid index"
o9_33430,5,5,5,", >: Ord_v for L_space, <: braid index"
o9_33432,,3,5,", >: is not two bridge, <: braid index"
o9_33452,,3,10,", >: is not two bridge, <: braid index"
o9_33470,4,4,4,">: Ord_v from HFK^-,<: braid index"
o9_33486,8,8,8,", >: Ord_v for L_space, <: braid index"
o9_33526,7,7,7,", >: Ord_v for L_space, <: braid index"
o9_33529,3,3,3,", >: is not two bridge, <: braid index"
o9_33568,3,3,3,is Montesinos knot
o9_33585,8,8,8,", >: Ord_v for L_space, <: braid index"
o9_33783,,3,9,", >: is not two bridge, <: braid index"
o9_33801,6,6,6,", >: Ord_v for L_space, <: braid index"
o9_33833,3,3,3,is Montesinos knot
o9_33834,3,3,3,is Montesinos knot
o9_33944,5,5,5,", >: Ord_v for L_space, <: braid index"
o9_33950,4,4,4,">: Ord_v from HFK^-,<: braid index"
o9_33959,7,7,7,", >: Ord_v for L_space, <: braid index"
o9_33966,3,3,3,is Montesinos knot
o9_33967,3,3,3,is Montesinos knot
o9_34000,7,7,7,", >: Ord_v for L_space, <: braid index"
o9_34097,,3,6,", >: is not two bridge, <: braid index"
o9_34182,,3,4,", >: is not two bridge, <: braid index"
o9_34316,,4,6,">: Ord_v from HFK^-,<: braid index"
o9_34323,,3,10,", >: is not two bridge, <: braid index"
o9_34336,,3,4,", >: is not two bridge, <: braid index"
o9_34379,,3,4,", >: is not two bridge, <: braid index"
o9_34403,8,8,8,", >: Ord_v for L_space, <: braid index"
o9_34409,4,4,4,", >: Ord_v for L_space, <: braid index"
o9_34450,,3,5,", >: is not two bridge, <: braid index"
o9_34561,,3,5,", >: is not two bridge, <: braid index"
o9_34625,,3,6,", >: is not two bridge, <: braid index"
o9_34671,,3,7,", >: is not two bridge, <: braid index"
o9_34676,3,3,3,is Montesinos knot
o9_34689,5,5,5,", >: Ord_v for L_space, <: braid index"
o9_34700,,3,11,", >: is not two bridge, <: braid index"
o9_34743,,3,9,", >: is not two bridge, <: braid index"
o9_34801,,3,9,", >: is not two bridge, <: braid index"
o9_34818,,3,8,", >: is not two bridge, <: braid index"
o9_34908,,3,11,", >: is not two bridge, <: braid index"
o9_34949,,3,11,", >: is not two bridge, <: braid index"
o9_35003,,3,11,", >: is not two bridge, <: braid index"
o9_35090,,3,5,", >: is not two bridge, <: braid index"
o9_35240,3,3,3,is Montesinos knot
o9_35320,6,6,6,", >: Ord_v for L_space, <: braid index"
o9_35376,6,6,6,">: Ord_v from HFK^-,<: braid index"
o9_35549,11,11,11,", >: Ord_v for L_space, <: braid index"
o9_35666,5,5,5,", >: Ord_v for L_space, <: braid index"
o9_35678,,4,6,">: Ord_v from HFK^-,<: braid index"
o9_35682,6,6,6,", >: Ord_v for L_space, <: braid index"
o9_35720,6,6,6,", >: Ord_v for L_space, <: braid index"
o9_35736,11,11,11,", >: Ord_v for L_space, <: braid index"
o9_35772,6,6,6,", >: Ord_v for L_space, <: braid index"
o9_35778,3,3,3,is Montesinos knot
o9_35831,5,5,5,">: Ord_v from HFK^-,<: braid index"
o9_35928,4,4,4,", >: Ord_v for L_space, <: braid index"
o9_35997,3,3,3,is Montesinos knot
o9_35998,3,3,3,is Montesinos knot
o9_36089,3,3,3,is Montesinos knot
o9_36090,3,3,3,is Montesinos knot
o9_36114,7,7,7,", >: Ord_v for L_space, <: braid index"
o9_36180,,3,16,", >: is not two bridge, <: braid index"
o9_36215,,3,6,", >: is not two bridge, <: braid index"
o9_36250,5,5,5,", >: Ord_v for L_space, <: braid index"
o9_36258,3,3,3,is Montesinos knot
o9_36259,3,3,3,is Montesinos knot
o9_36297,6,6,6,">: Ord_v from HFK^-,<: braid index"
o9_36320,,3,8,", >: is not two bridge, <: braid index"
o9_36357,,3,9,", >: is not two bridge, <: braid index"
o9_36380,10,10,10,", >: Ord_v for L_space, <: braid index"
o9_36411,5,5,5,">: Ord_v from HFK^-,<: braid index"
o9_36435,4,4,4,">: Ord_v from HFK^-,<: braid index"
o9_36459,,3,9,", >: is not two bridge, <: braid index"
o9_36544,7,7,7,", >: Ord_v for L_space, <: braid index"
o9_36696,3,3,3,is Montesinos knot
o9_36697,3,3,3,is Montesinos knot
o9_36809,6,6,6,", >: Ord_v for L_space, <: braid index"
o9_36811,6,6,6,">: Ord_v from HFK^-,<: braid index"
o9_36873,,3,12,", >: is not two bridge, <: braid index"
o9_36955,,3,15,", >: is not two bridge, <: braid index"
o9_36958,7,7,7,", >: Ord_v for L_space, <: braid index"
o9_37005,,4,5,">: Ord_v from HFK^-,<: braid index"
o9_37028,,3,5,", >: is not two bridge, <: braid index"
o9_37050,10,10,10,", >: Ord_v for L_space, <: braid index"
o9_37080,3,3,3,is Montesinos knot
o9_37142,,3,5,", >: is not two bridge, <: braid index"
o9_37162,,3,5,", >: is not two bridge, <: braid index"
o9_37291,6,6,6,", >: Ord_v for L_space, <: braid index"
o9_37482,8,8,8,", >: Ord_v for L_space, <: braid index"
o9_37485,3,3,3,is Montesinos knot
o9_37547,,3,12,", >: is not two bridge, <: braid index"
o9_37551,5,5,5,", >: Ord_v for L_space, <: braid index"
o9_37563,,3,10,", >: is not two bridge, <: braid index"
o9_37618,,3,15,", >: is not two bridge, <: braid index"
o9_37685,5,5,5,", >: Ord_v for L_space, <: braid index"
o9_37731,3,3,3,is Montesinos knot
o9_37732,3,3,3,is Montesinos knot
o9_37751,7,7,7,", >: Ord_v for L_space, <: braid index"
o9_37754,6,6,6,", >: Ord_v for L_space, <: braid index"
o9_37761,,3,7,", >: is not two bridge, <: braid index"
o9_37768,3,3,3,is Montesinos knot
o9_37770,2,2,2,=: is two bridge
o9_37795,3,3,3,is Montesinos knot
o9_37851,8,8,8,", >: Ord_v for L_space, <: braid index"
o9_37876,,3,10,", >: is not two bridge, <: braid index"
o9_37891,5,5,5,">: Ord_v from HFK^-,<: braid index"
o9_37895,,3,7,", >: is not two bridge, <: braid index"
o9_37941,6,6,6,", >: Ord_v for L_space, <: braid index"
o9_38014,,3,9,", >: is not two bridge, <: braid index"
o9_38190,,3,5,", >: is not two bridge, <: braid index"
o9_38287,7,7,7,", >: Ord_v for L_space, <: braid index"
o9_38344,6,6,6,">: Ord_v from HFK^-,<: braid index"
o9_38364,,3,8,", >: is not two bridge, <: braid index"
o9_38471,,3,5,", >: is not two bridge, <: braid index"
o9_38560,,3,8,", >: is not two bridge, <: braid index"
o9_38598,6,6,6,">: Ord_v from HFK^-,<: braid index"
o9_38600,,3,10,", >: is not two bridge, <: braid index"
o9_38623,,3,4,", >: is not two bridge, <: braid index"
o9_38639,,3,11,", >: is not two bridge, <: braid index"
o9_38679,6,6,6,", >: Ord_v for L_space, <: braid index"
o9_38681,,3,8,", >: is not two bridge, <: braid index"
o9_38702,3,3,3,is Montesinos knot
o9_38780,,3,5,", >: is not two bridge, <: braid index"
o9_38811,6,6,6,", >: Ord_v for L_space, <: braid index"
o9_38928,6,6,6,", >: Ord_v for L_space, <: braid index"
o9_38945,5,5,5,">: Ord_v from HFK^-,<: braid index"
o9_38975,,3,6,", >: is not two bridge, <: braid index"
o9_38989,5,5,5,", >: Ord_v for L_space, <: braid index"
o9_39162,6,6,6,", >: Ord_v for L_space, <: braid index"
o9_39163,,3,7,", >: is not two bridge, <: braid index"
o9_39266,,3,12,", >: is not two bridge, <: braid index"
o9_39277,3,3,3,is Montesinos knot
o9_39285,,3,9,", >: is not two bridge, <: braid index"
o9_39339,3,3,3,is Montesinos knot
o9_39369,,3,13,", >: is not two bridge, <: braid index"
o9_39394,8,8,8,", >: Ord_v for L_space, <: braid index"
o9_39395,3,3,3,is Montesinos knot
o9_39430,,3,7,", >: is not two bridge, <: braid index"
o9_39433,,3,9,", >: is not two bridge, <: braid index"
o9_39451,7,7,7,", >: Ord_v for L_space, <: braid index"
o9_39519,,3,5,", >: is not two bridge, <: braid index"
o9_39521,6,6,6,", >: Ord_v for L_space, <: braid index"
o9_39551,,3,4,", >: is not two bridge, <: braid index"
o9_39591,3,3,3,is Montesinos knot
o9_39592,5,5,5,">: Ord_v from HFK^-,<: braid index"
o9_39606,4,4,4,", >: Ord_v for L_space, <: braid index"
o9_39608,5,5,5,", >: Ord_v for L_space, <: braid index"
o9_39746,,3,13,", >: is not two bridge, <: braid index"
o9_39754,,4,7,">: Ord_v from HFK^-,<: braid index"
o9_39806,,3,8,", >: is not two bridge, <: braid index"
o9_39859,7,7,7,", >: Ord_v for L_space, <: braid index"
o9_39879,5,5,5,", >: Ord_v for L_space, <: braid index"
o9_39887,,3,8,", >: is not two bridge, <: braid index"
o9_39926,5,5,5,">: Ord_v from HFK^-,<: braid index"
o9_39930,,3,7,", >: is not two bridge, <: braid index"
o9_39967,,3,11,", >: is not two bridge, <: braid index"
o9_39973,,3,8,", >: is not two bridge, <: braid index"
o9_39974,,3,5,", >: is not two bridge, <: braid index"
o9_39981,5,5,5,", >: Ord_v for L_space, <: braid index"
o9_40024,3,3,3,KnotInfo import
o9_40026,5,5,5,", >: Ord_v for L_space, <: braid index"
o9_40052,6,6,6,", >: Ord_v for L_space, <: braid index"
o9_40063,3,3,3,is Montesinos knot
o9_40064,2,2,2,=: is two bridge
o9_40073,4,4,4,">: Ord_v from HFK^-,<: braid index"
o9_40075,5,5,5,", >: Ord_v for L_space, <: braid index"
o9_40076,2,2,2,=: is two bridge
o9_40081,,3,9,", >: is not two bridge, <: braid index"
o9_40130,,3,10,", >: is not two bridge, <: braid index"
o9_40154,,4,6,">: Ord_v from HFK^-,<: braid index"
o9_40171,3,3,3,is Montesinos knot
o9_40179,8,8,8,", >: Ord_v for L_space, <: braid index"
o9_40192,,3,11,", >: is not two bridge, <: braid index"
o9_40215,4,4,4,">: Ord_v from HFK^-,<: braid index"
o9_40245,,3,9,", >: is not two bridge, <: braid index"
o9_40284,,3,5,", >: is not two bridge, <: braid index"
o9_40291,3,3,3,KnotInfo import
o9_40361,,3,12,", >: is not two bridge, <: braid index"
o9_40363,7,7,7,", >: Ord_v for L_space, <: braid index"
o9_40390,,3,5,", >: is not two bridge, <: braid index"
o9_40449,,3,12,", >: is not two bridge, <: braid index"
o9_40484,3,3,3,is Montesinos knot
o9_40485,3,3,3,is Montesinos knot
o9_40487,5,5,5,", >: Ord_v for L_space, <: braid index"
o9_40504,6,6,6,", >: Ord_v for L_space, <: braid index"
o9_40519,3,3,3,KnotInfo import
o9_40522,,3,4,", >: is not two bridge, <: braid index"
o9_40547,,3,14,", >: is not two bridge, <: braid index"
o9_40568,3,3,3,is Montesinos knot
o9_40582,5,5,5,", >: Ord_v for L_space, <: braid index"
o9_40803,,3,13,", >: is not two bridge, <: braid index"
o9_40873,,3,5,", >: is not two bridge, <: braid index"
o9_40901,5,5,5,">: Ord_v from HFK^-,<: braid index"
o9_41058,,3,11,", >: is not two bridge, <: braid index"
o9_41144,5,5,5,">: Ord_v from HFK^-,<: braid index"
o9_41263,,3,5,", >: is not two bridge, <: braid index"
o9_41312,,3,10,", >: is not two bridge, <: braid index"
o9_41372,6,6,6,", >: Ord_v for L_space, <: braid index"
o9_41388,,3,6,", >: is not two bridge, <: braid index"
o9_41428,5,5,5,">: Ord_v from HFK^-,<: braid index"
o9_41610,3,3,3,is Montesinos knot
o9_41611,2,2,2,=: is two bridge
o9_41621,,4,12,">: Ord_v from HFK^-,<: braid index"
o9_41633,,3,7,", >: is not two bridge, <: braid index"
o9_41677,,3,5,", >: is not two bridge, <: braid index"
o9_41678,,3,18,", >: is not two bridge, <: braid index"
o9_41909,,3,10,", >: is not two bridge, <: braid index"
o9_41980,,3,9,", >: is not two bridge, <: braid index"
o9_41995,3,3,3,KnotInfo import
o9_42189,3,3,3,is Montesinos knot
o9_42190,3,3,3,is Montesinos knot
o9_42220,,3,7,", >: is not two bridge, <: braid index"
o9_42224,5,5,5,", >: Ord_v for L_space, <: braid index"
o9_42258,2,2,2,=: is two bridge
o9_42277,2,2,2,=: is two bridge
o9_42296,,3,6,", >: is not two bridge, <: braid index"
o9_42320,2,2,2,=: is two bridge
o9_42352,5,5,5,">: Ord_v from HFK^-,<: braid index"
o9_42411,3,3,3,is Montesinos knot
o9_42429,,3,4,", >: is not two bridge, <: braid index"
o9_42430,,3,4,", >: is not two bridge, <: braid index"
o9_42467,2,2,2,=: is two bridge
o9_42493,7,7,7,", >: Ord_v for L_space, <: braid index"
o9_42511,,3,8,", >: is not two bridge, <: braid index"
o9_42515,,3,6,", >: is not two bridge, <: braid index"
o9_42607,,3,8,", >: is not two bridge, <: braid index"
o9_42660,,3,12,", >: is not two bridge, <: braid index"
o9_42675,5,5,5,", >: Ord_v for L_space, <: braid index"
o9_42714,,3,9,", >: is not two bridge, <: braid index"
o9_42735,,3,8,", >: is not two bridge, <: braid index"
o9_42757,5,5,5,">: Ord_v from HFK^-,<: braid index"
o9_42936,,3,8,", >: is not two bridge, <: braid index"
o9_42942,,3,9,", >: is not two bridge, <: braid index"
o9_42960,,3,6,", >: is not two bridge, <: braid index"
o9_42961,6,6,6,", >: Ord_v for L_space, <: braid index"
o9_42963,2,2,2,=: is two bridge
o9_42973,3,3,3,is Montesinos knot
o9_42974,3,3,3,is Montesinos knot
o9_42999,,3,5,", >: is not two bridge, <: braid index"
o9_43001,8,8,8,", >: Ord_v for L_space, <: braid index"
o9_43197,,3,11,", >: is not two bridge, <: braid index"
o9_43369,3,3,3,is Montesinos knot
o9_43407,,3,8,", >: is not two bridge, <: braid index"
o9_43443,3,3,3,", >: is not two bridge, <: braid index"
o9_43446,,3,9,", >: is not two bridge, <: braid index"
o9_43481,,3,9,", >: is not two bridge, <: braid index"
o9_43566,,3,4,", >: is not two bridge, <: braid index"
o9_43567,,3,4,", >: is not two bridge, <: braid index"
o9_43592,2,2,2,=: is two bridge
o9_43607,,3,4,", >: is not two bridge, <: braid index"
o9_43608,,3,4,", >: is not two bridge, <: braid index"
o9_43609,3,3,3,KnotInfo import
o9_43649,4,4,4,">: Ord_v from HFK^-,<: braid index"
o9_43679,7,7,7,", >: Ord_v for L_space, <: braid index"
o9_43730,,3,5,", >: is not two bridge, <: braid index"
o9_43750,7,7,7,", >: Ord_v for L_space, <: braid index"
o9_43759,,3,4,", >: is not two bridge, <: braid index"
o9_43760,,3,4,", >: is not two bridge, <: braid index"
o9_43771,3,3,3,is Montesinos knot
o9_43778,,3,6,", >: is not two bridge, <: braid index"
o9_43857,7,7,7,", >: Ord_v for L_space, <: braid index"
o9_43859,,3,6,", >: is not two bridge, <: braid index"
o9_43874,3,3,3,is Montesinos knot
o9_43876,,3,8,", >: is not two bridge, <: braid index"
o9_43946,,3,8,", >: is not two bridge, <: braid index"
o9_43953,,9,10,", >: Ord_v for L_space, <: braid index"
o9_44048,,3,6,", >: is not two bridge, <: braid index"
o9_44054,9,9,9,", >: Ord_v for L_space, <: braid index"
o9_44057,2,2,2,=: is two bridge
o9_44184,3,3,3,KnotInfo import
