<Link: 1 comp; 4 cross>,1
<Link: 1 comp; 4 cross>,1
<Link: 1 comp; 4 cross>,2
<Link: 1 comp; 4 cross>,2
<Link: 1 comp; 4 cross>,2
<Link: 1 comp; 4 cross>,2
<Link: 1 comp; 4 cross>,2
<Link: 1 comp; 5 cross>,1
<Link: 1 comp; 5 cross>,1
<Link: 1 comp; 5 cross>,2
<Link: 1 comp; 5 cross>,3
<Link: 1 comp; 5 cross>,3
<Link: 1 comp; 5 cross>,3
<Link: 1 comp; 5 cross>,3
<Link: 1 comp; 12 cross>,2
<Link: 1 comp; 6 cross>,1
<Link: 1 comp; 6 cross>,1
<Link: 1 comp; 6 cross>,2
<Link: 1 comp; 6 cross>,2
<Link: 1 comp; 6 cross>,2
<Link: 1 comp; 6 cross>,2
<Link: 1 comp; 6 cross>,2
<Link: 1 comp; 7 cross>,1
<Link: 1 comp; 7 cross>,1
<Link: 1 comp; 7 cross>,2
<Link: 1 comp; 7 cross>,3
<Link: 1 comp; 7 cross>,3
<Link: 1 comp; 7 cross>,3
<Link: 1 comp; 7 cross>,3
<Link: 1 comp; 26 cross>,4
<Link: 1 comp; 8 cross>,1
<Link: 1 comp; 8 cross>,1
<Link: 1 comp; 8 cross>,2
<Link: 1 comp; 8 cross>,2
<Link: 1 comp; 8 cross>,2
<Link: 1 comp; 8 cross>,2
<Link: 1 comp; 8 cross>,2
<Link: 1 comp; 18 cross>,2
<Link: 1 comp; 9 cross>,1
<Link: 1 comp; 9 cross>,1
<Link: 1 comp; 9 cross>,2
<Link: 1 comp; 9 cross>,3
<Link: 1 comp; 9 cross>,3
<Link: 1 comp; 3 cross>,1
<Link: 1 comp; 4 cross>,1
<Link: 1 comp; 4 cross>,1
<Link: 1 comp; 4 cross>,2
<Link: 1 comp; 4 cross>,2
<Link: 1 comp; 4 cross>,2
<Link: 1 comp; 4 cross>,2
<Link: 1 comp; 4 cross>,2
<Link: 1 comp; 5 cross>,1
<Link: 1 comp; 5 cross>,1
<Link: 1 comp; 5 cross>,2
<Link: 1 comp; 5 cross>,3
<Link: 1 comp; 5 cross>,3
<Link: 1 comp; 5 cross>,3
<Link: 1 comp; 5 cross>,3
<Link: 1 comp; 5 cross>,1
<Link: 1 comp; 6 cross>,1
<Link: 1 comp; 6 cross>,1
<Link: 1 comp; 6 cross>,2
<Link: 1 comp; 6 cross>,2
<Link: 1 comp; 6 cross>,2
<Link: 1 comp; 6 cross>,2
<Link: 1 comp; 6 cross>,2
<Link: 1 comp; 6 cross>,1
<Link: 1 comp; 6 cross>,1
<Link: 1 comp; 6 cross>,3
<Link: 1 comp; 6 cross>,3
<Link: 1 comp; 6 cross>,3
<Link: 1 comp; 6 cross>,3
<Link: 1 comp; 6 cross>,3
<Link: 1 comp; 6 cross>,1
<Link: 1 comp; 6 cross>,1
<Link: 1 comp; 6 cross>,2
<Link: 1 comp; 6 cross>,2
<Link: 1 comp; 6 cross>,2
<Link: 1 comp; 6 cross>,2
<Link: 1 comp; 6 cross>,2
<Link: 1 comp; 7 cross>,1
<Link: 1 comp; 7 cross>,1
<Link: 1 comp; 7 cross>,2
<Link: 1 comp; 7 cross>,2
<Link: 1 comp; 7 cross>,2
<Link: 1 comp; 7 cross>,2
<Link: 1 comp; 7 cross>,2
<Link: 1 comp; 7 cross>,1
<Link: 1 comp; 7 cross>,1
<Link: 1 comp; 7 cross>,3
<Link: 1 comp; 7 cross>,3
<Link: 1 comp; 7 cross>,3
<Link: 1 comp; 7 cross>,3
<Link: 1 comp; 7 cross>,3
<Link: 1 comp; 7 cross>,1
<Link: 1 comp; 7 cross>,1
<Link: 1 comp; 7 cross>,3
<Link: 1 comp; 7 cross>,3
<Link: 1 comp; 7 cross>,3
<Link: 1 comp; 7 cross>,3
<Link: 1 comp; 7 cross>,3
<Link: 1 comp; 7 cross>,1
<Link: 1 comp; 7 cross>,1
<Link: 1 comp; 7 cross>,2
<Link: 1 comp; 7 cross>,3
<Link: 1 comp; 7 cross>,3
<Link: 1 comp; 7 cross>,3
<Link: 1 comp; 7 cross>,3
<Link: 1 comp; 7 cross>,1
<Link: 1 comp; 7 cross>,1
<Link: 1 comp; 7 cross>,3
<Link: 1 comp; 7 cross>,3
<Link: 1 comp; 7 cross>,3
<Link: 1 comp; 7 cross>,3
<Link: 1 comp; 7 cross>,3
<Link: 1 comp; 7 cross>,1
<Link: 1 comp; 7 cross>,1
<Link: 1 comp; 7 cross>,2
<Link: 1 comp; 7 cross>,3
<Link: 1 comp; 7 cross>,3
<Link: 1 comp; 7 cross>,3
<Link: 1 comp; 7 cross>,3
<Link: 1 comp; 7 cross>,1
<Link: 1 comp; 8 cross>,1
<Link: 1 comp; 8 cross>,1
<Link: 1 comp; 8 cross>,3
<Link: 1 comp; 8 cross>,3
<Link: 1 comp; 8 cross>,3
<Link: 1 comp; 8 cross>,3
<Link: 1 comp; 8 cross>,3
<Link: 1 comp; 8 cross>,1
<Link: 1 comp; 8 cross>,1
<Link: 1 comp; 8 cross>,3
<Link: 1 comp; 8 cross>,3
<Link: 1 comp; 8 cross>,3
<Link: 1 comp; 8 cross>,3
<Link: 1 comp; 8 cross>,3
<Link: 1 comp; 8 cross>,1
<Link: 1 comp; 8 cross>,1
<Link: 1 comp; 4 cross>,1
<Link: 1 comp; 4 cross>,1
<Link: 1 comp; 4 cross>,2
<Link: 1 comp; 4 cross>,2
<Link: 1 comp; 4 cross>,2
<Link: 1 comp; 4 cross>,2
<Link: 1 comp; 4 cross>,2
<Link: 1 comp; 5 cross>,1
<Link: 1 comp; 5 cross>,1
<Link: 1 comp; 5 cross>,2
<Link: 1 comp; 5 cross>,3
<Link: 1 comp; 5 cross>,3
<Link: 1 comp; 5 cross>,3
<Link: 1 comp; 5 cross>,3
<Link: 1 comp; 12 cross>,2
<Link: 1 comp; 6 cross>,1
<Link: 1 comp; 6 cross>,1
<Link: 1 comp; 6 cross>,2
<Link: 1 comp; 6 cross>,2
<Link: 1 comp; 6 cross>,2
<Link: 1 comp; 6 cross>,2
<Link: 1 comp; 6 cross>,2
<Link: 1 comp; 7 cross>,1
<Link: 1 comp; 7 cross>,1
<Link: 1 comp; 7 cross>,2
<Link: 1 comp; 7 cross>,3
<Link: 1 comp; 7 cross>,3
<Link: 1 comp; 7 cross>,3
<Link: 1 comp; 7 cross>,3
<Link: 1 comp; 26 cross>,4
<Link: 1 comp; 8 cross>,1
<Link: 1 comp; 8 cross>,1
<Link: 1 comp; 8 cross>,2
<Link: 1 comp; 8 cross>,2
<Link: 1 comp; 8 cross>,2
<Link: 1 comp; 8 cross>,2
<Link: 1 comp; 8 cross>,2
<Link: 1 comp; 18 cross>,2
<Link: 1 comp; 9 cross>,1
<Link: 1 comp; 9 cross>,1
<Link: 1 comp; 9 cross>,2
<Link: 1 comp; 9 cross>,3
<Link: 1 comp; 9 cross>,3
<Link: 1 comp; 9 cross>,3
<Link: 1 comp; 9 cross>,3
<Link: 1 comp; 34 cross>,4
<Link: 1 comp; 23 cross>,3
<Link: 1 comp; 24 cross>,2
<Link: 1 comp; 30 cross>,4
<Link: 1 comp; 30 cross>,4
<Link: 1 comp; 9 cross>,1
<Link: 1 comp; 9 cross>,1
<Link: 1 comp; 9 cross>,2
<Link: 1 comp; 9 cross>,2
<Link: 1 comp; 9 cross>,2
<Link: 1 comp; 9 cross>,2
<Link: 1 comp; 9 cross>,2
<Link: 1 comp; 10 cross>,1
<Link: 1 comp; 10 cross>,1
<Link: 1 comp; 10 cross>,3
<Link: 1 comp; 10 cross>,3
<Link: 1 comp; 10 cross>,3
<Link: 1 comp; 10 cross>,3
<Link: 1 comp; 10 cross>,3
<Link: 1 comp; 21 cross>,3
<Link: 1 comp; 8 cross>,1
<Link: 1 comp; 8 cross>,1
<Link: 1 comp; 8 cross>,2
<Link: 1 comp; 8 cross>,2
<Link: 1 comp; 8 cross>,2
<Link: 1 comp; 8 cross>,2
<Link: 1 comp; 8 cross>,2
<Link: 1 comp; 14 cross>,2
<Link: 1 comp; 11 cross>,1
<Link: 1 comp; 11 cross>,1
<Link: 1 comp; 11 cross>,2
<Link: 1 comp; 11 cross>,2
<Link: 1 comp; 11 cross>,2
<Link: 1 comp; 11 cross>,2
<Link: 1 comp; 11 cross>,2
<Link: 1 comp; 25 cross>,3
<Link: 1 comp; 27 cross>,3
<Link: 1 comp; 36 cross>,4
<Link: 1 comp; 40 cross>,4
<Link: 1 comp; 35 cross>,3
<Link: 1 comp; 6 cross>,1
<Link: 1 comp; 6 cross>,1
<Link: 1 comp; 6 cross>,2
<Link: 1 comp; 6 cross>,2
<Link: 1 comp; 6 cross>,2
<Link: 1 comp; 6 cross>,2
<Link: 1 comp; 6 cross>,2
<Link: 1 comp; 7 cross>,1
<Link: 1 comp; 7 cross>,1
<Link: 1 comp; 7 cross>,3
<Link: 1 comp; 7 cross>,3
<Link: 1 comp; 7 cross>,3
<Link: 1 comp; 7 cross>,3
<Link: 1 comp; 7 cross>,3
<Link: 1 comp; 9 cross>,1
<Link: 1 comp; 9 cross>,1
<Link: 1 comp; 9 cross>,2
<Link: 1 comp; 9 cross>,2
<Link: 1 comp; 9 cross>,2
<Link: 1 comp; 9 cross>,2
<Link: 1 comp; 9 cross>,2
<Link: 1 comp; 10 cross>,2
<Link: 1 comp; 10 cross>,2
<Link: 1 comp; 10 cross>,5
<Link: 1 comp; 10 cross>,5
<Link: 1 comp; 10 cross>,5
<Link: 1 comp; 10 cross>,5
<Link: 1 comp; 10 cross>,5
<Link: 1 comp; 10 cross>,1
<Link: 1 comp; 10 cross>,1
<Link: 1 comp; 10 cross>,2
<Link: 1 comp; 10 cross>,2
<Link: 1 comp; 10 cross>,2
<Link: 1 comp; 10 cross>,2
<Link: 1 comp; 10 cross>,2
<Link: 1 comp; 11 cross>,1
<Link: 1 comp; 11 cross>,1
<Link: 1 comp; 11 cross>,2
<Link: 1 comp; 11 cross>,3
<Link: 1 comp; 11 cross>,3
<Link: 1 comp; 11 cross>,3
<Link: 1 comp; 11 cross>,3
<Link: 1 comp; 46 cross>,4
<Link: 1 comp; 54 cross>,4
<Link: 1 comp; 30 cross>,2
<Link: 1 comp; 58 cross>,6
<Link: 1 comp; 68 cross>,6
<Link: 1 comp; 16 cross>,1
<Link: 1 comp; 16 cross>,1
<Link: 1 comp; 16 cross>,3
<Link: 1 comp; 16 cross>,3
<Link: 1 comp; 16 cross>,3
<Link: 1 comp; 16 cross>,3
<Link: 1 comp; 16 cross>,3
<Link: 1 comp; 17 cross>,1
<Link: 1 comp; 17 cross>,1
<Link: 1 comp; 17 cross>,2
<Link: 1 comp; 17 cross>,2
<Link: 1 comp; 17 cross>,2
<Link: 1 comp; 17 cross>,2
<Link: 1 comp; 17 cross>,2
<Link: 1 comp; 12 cross>,1
<Link: 1 comp; 12 cross>,1
<Link: 1 comp; 12 cross>,2
<Link: 1 comp; 12 cross>,2
<Link: 1 comp; 12 cross>,2
<Link: 1 comp; 12 cross>,2
<Link: 1 comp; 12 cross>,2
<Link: 1 comp; 38 cross>,4
<Link: 1 comp; 50 cross>,4
<Link: 1 comp; 50 cross>,4
<Link: 1 comp; 37 cross>,3
<Link: 1 comp; 53 cross>,5
<Link: 1 comp; 62 cross>,6
<Link: 1 comp; 47 cross>,3
<Link: 1 comp; 59 cross>,5
<Link: 1 comp; 16 cross>,2
<Link: 1 comp; 10 cross>,1
<Link: 1 comp; 10 cross>,1
<Link: 1 comp; 10 cross>,2
<Link: 1 comp; 10 cross>,2
<Link: 1 comp; 10 cross>,2
<Link: 1 comp; 10 cross>,2
<Link: 1 comp; 10 cross>,2
<Link: 1 comp; 64 cross>,6
<Link: 1 comp; 11 cross>,1
<Link: 1 comp; 11 cross>,1
<Link: 1 comp; 11 cross>,2
<Link: 1 comp; 11 cross>,2
<Link: 1 comp; 11 cross>,2
<Link: 1 comp; 11 cross>,2
<Link: 1 comp; 11 cross>,2
<Link: 1 comp; 8 cross>,1
<Link: 1 comp; 8 cross>,1
<Link: 1 comp; 8 cross>,3
<Link: 1 comp; 8 cross>,3
<Link: 1 comp; 8 cross>,3
<Link: 1 comp; 8 cross>,3
<Link: 1 comp; 8 cross>,3
<Link: 1 comp; 9 cross>,1
<Link: 1 comp; 9 cross>,1
<Link: 1 comp; 9 cross>,3
<Link: 1 comp; 9 cross>,3
<Link: 1 comp; 9 cross>,3
<Link: 1 comp; 9 cross>,3
<Link: 1 comp; 9 cross>,3
<Link: 1 comp; 33 cross>,3
<Link: 1 comp; 10 cross>,1
<Link: 1 comp; 10 cross>,1
<Link: 1 comp; 10 cross>,3
<Link: 1 comp; 10 cross>,3
<Link: 1 comp; 10 cross>,3
<Link: 1 comp; 10 cross>,3
<Link: 1 comp; 10 cross>,3
<Link: 1 comp; 39 cross>,3
<Link: 1 comp; 7 cross>,1
<Link: 1 comp; 7 cross>,1
<Link: 1 comp; 7 cross>,2
<Link: 1 comp; 7 cross>,2
<Link: 1 comp; 7 cross>,2
<Link: 1 comp; 7 cross>,2
<Link: 1 comp; 7 cross>,2
<Link: 1 comp; 20 cross>,2
<Link: 1 comp; 60 cross>,4
<Link: 1 comp; 21 cross>,3
<Link: 1 comp; 44 cross>,4
<Link: 1 comp; 10 cross>,1
<Link: 1 comp; 10 cross>,1
<Link: 1 comp; 10 cross>,2
<Link: 1 comp; 10 cross>,2
<Link: 1 comp; 10 cross>,2
<Link: 1 comp; 10 cross>,2
<Link: 1 comp; 10 cross>,2
<Link: 1 comp; 8 cross>,1
<Link: 1 comp; 8 cross>,1
<Link: 1 comp; 8 cross>,2
<Link: 1 comp; 8 cross>,2
<Link: 1 comp; 8 cross>,2
<Link: 1 comp; 8 cross>,2
<Link: 1 comp; 8 cross>,2
<Link: 1 comp; 63 cross>,5
<Link: 1 comp; 56 cross>,4
<Link: 1 comp; 15 cross>,1
<Link: 1 comp; 15 cross>,1
<Link: 1 comp; 15 cross>,3
<Link: 1 comp; 15 cross>,3
<Link: 1 comp; 15 cross>,3
<Link: 1 comp; 15 cross>,3
<Link: 1 comp; 15 cross>,3
<Link: 1 comp; 16 cross>,2
<Link: 1 comp; 16 cross>,2
<Link: 1 comp; 16 cross>,5
<Link: 1 comp; 16 cross>,5
<Link: 1 comp; 16 cross>,5
<Link: 1 comp; 16 cross>,5
<Link: 1 comp; 16 cross>,5
<Link: 1 comp; 29 cross>,3
<Link: 1 comp; 8 cross>,1
<Link: 1 comp; 8 cross>,1
<Link: 1 comp; 8 cross>,2
<Link: 1 comp; 8 cross>,2
<Link: 1 comp; 8 cross>,2
<Link: 1 comp; 8 cross>,2
<Link: 1 comp; 8 cross>,2
<Link: 1 comp; 9 cross>,1
<Link: 1 comp; 9 cross>,1
<Link: 1 comp; 9 cross>,3
<Link: 1 comp; 9 cross>,3
<Link: 1 comp; 9 cross>,3
<Link: 1 comp; 9 cross>,3
<Link: 1 comp; 9 cross>,3
<Link: 1 comp; 11 cross>,1
<Link: 1 comp; 11 cross>,1
<Link: 1 comp; 11 cross>,2
<Link: 1 comp; 11 cross>,2
<Link: 1 comp; 11 cross>,2
<Link: 1 comp; 11 cross>,2
<Link: 1 comp; 11 cross>,2
<Link: 1 comp; 6 cross>,1
<Link: 1 comp; 6 cross>,1
<Link: 1 comp; 6 cross>,2
<Link: 1 comp; 6 cross>,2
<Link: 1 comp; 6 cross>,2
<Link: 1 comp; 6 cross>,2
<Link: 1 comp; 6 cross>,2
<Link: 1 comp; 12 cross>,1
<Link: 1 comp; 12 cross>,1
<Link: 1 comp; 12 cross>,2
<Link: 1 comp; 12 cross>,2
<Link: 1 comp; 12 cross>,2
<Link: 1 comp; 12 cross>,2
<Link: 1 comp; 12 cross>,2
<Link: 1 comp; 13 cross>,1
<Link: 1 comp; 13 cross>,1
<Link: 1 comp; 13 cross>,2
<Link: 1 comp; 13 cross>,3
<Link: 1 comp; 13 cross>,3
<Link: 1 comp; 13 cross>,3
<Link: 1 comp; 13 cross>,3
<Link: 1 comp; 66 cross>,4
<Link: 1 comp; 74 cross>,4
<Link: 1 comp; 36 cross>,2
<Link: 1 comp; 100 cross>,6
<Link: 1 comp; 110 cross>,6
<Link: 1 comp; 37 cross>,5
<Link: 1 comp; 53 cross>,5
<Link: 1 comp; 22 cross>,1
<Link: 1 comp; 22 cross>,1
<Link: 1 comp; 22 cross>,3
<Link: 1 comp; 22 cross>,3
<Link: 1 comp; 22 cross>,3
<Link: 1 comp; 22 cross>,3
<Link: 1 comp; 22 cross>,3
<Link: 1 comp; 23 cross>,1
<Link: 1 comp; 23 cross>,1
<Link: 1 comp; 3 cross>,1
<Link: 1 comp; 4 cross>,1
<Link: 1 comp; 4 cross>,1
<Link: 1 comp; 4 cross>,2
<Link: 1 comp; 4 cross>,2
<Link: 1 comp; 4 cross>,2
<Link: 1 comp; 4 cross>,2
<Link: 1 comp; 4 cross>,2
<Link: 1 comp; 5 cross>,1
<Link: 1 comp; 5 cross>,1
<Link: 1 comp; 5 cross>,2
<Link: 1 comp; 5 cross>,3
<Link: 1 comp; 5 cross>,3
<Link: 1 comp; 5 cross>,3
<Link: 1 comp; 5 cross>,3
<Link: 1 comp; 5 cross>,1
<Link: 1 comp; 6 cross>,1
<Link: 1 comp; 6 cross>,1
<Link: 1 comp; 6 cross>,2
<Link: 1 comp; 6 cross>,2
<Link: 1 comp; 6 cross>,2
<Link: 1 comp; 6 cross>,2
<Link: 1 comp; 6 cross>,2
<Link: 1 comp; 6 cross>,1
<Link: 1 comp; 6 cross>,1
<Link: 1 comp; 6 cross>,3
<Link: 1 comp; 6 cross>,3
<Link: 1 comp; 6 cross>,3
<Link: 1 comp; 6 cross>,3
<Link: 1 comp; 6 cross>,3
<Link: 1 comp; 6 cross>,1
<Link: 1 comp; 6 cross>,1
<Link: 1 comp; 6 cross>,2
<Link: 1 comp; 6 cross>,2
<Link: 1 comp; 6 cross>,2
<Link: 1 comp; 6 cross>,2
<Link: 1 comp; 6 cross>,2
<Link: 1 comp; 7 cross>,1
<Link: 1 comp; 7 cross>,1
<Link: 1 comp; 7 cross>,2
<Link: 1 comp; 7 cross>,2
<Link: 1 comp; 7 cross>,2
<Link: 1 comp; 7 cross>,2
<Link: 1 comp; 7 cross>,2
<Link: 1 comp; 7 cross>,1
<Link: 1 comp; 7 cross>,1
<Link: 1 comp; 7 cross>,3
<Link: 1 comp; 7 cross>,3
<Link: 1 comp; 7 cross>,3
<Link: 1 comp; 7 cross>,3
<Link: 1 comp; 7 cross>,3
<Link: 1 comp; 7 cross>,1
<Link: 1 comp; 7 cross>,1
<Link: 1 comp; 7 cross>,3
<Link: 1 comp; 7 cross>,3
<Link: 1 comp; 7 cross>,3
<Link: 1 comp; 7 cross>,3
<Link: 1 comp; 7 cross>,3
<Link: 1 comp; 7 cross>,1
<Link: 1 comp; 7 cross>,1
<Link: 1 comp; 7 cross>,2
<Link: 1 comp; 7 cross>,3
<Link: 1 comp; 7 cross>,3
<Link: 1 comp; 7 cross>,3
<Link: 1 comp; 7 cross>,3
<Link: 1 comp; 7 cross>,1
<Link: 1 comp; 7 cross>,1
<Link: 1 comp; 7 cross>,3
<Link: 1 comp; 7 cross>,3
<Link: 1 comp; 7 cross>,3
<Link: 1 comp; 7 cross>,3
<Link: 1 comp; 7 cross>,3
<Link: 1 comp; 7 cross>,1
<Link: 1 comp; 7 cross>,1
<Link: 1 comp; 7 cross>,2
<Link: 1 comp; 7 cross>,3
<Link: 1 comp; 7 cross>,3
<Link: 1 comp; 7 cross>,3
<Link: 1 comp; 7 cross>,3
<Link: 1 comp; 7 cross>,1
<Link: 1 comp; 8 cross>,1
<Link: 1 comp; 8 cross>,1
<Link: 1 comp; 8 cross>,3
<Link: 1 comp; 8 cross>,3
<Link: 1 comp; 8 cross>,3
<Link: 1 comp; 8 cross>,3
<Link: 1 comp; 8 cross>,3
<Link: 1 comp; 8 cross>,1
<Link: 1 comp; 8 cross>,1
<Link: 1 comp; 8 cross>,3
<Link: 1 comp; 8 cross>,3
<Link: 1 comp; 8 cross>,3
<Link: 1 comp; 8 cross>,3
<Link: 1 comp; 8 cross>,3
<Link: 1 comp; 8 cross>,1
<Link: 1 comp; 8 cross>,1
<Link: 1 comp; 8 cross>,2
<Link: 1 comp; 8 cross>,2
<Link: 1 comp; 8 cross>,2
<Link: 1 comp; 8 cross>,2
<Link: 1 comp; 8 cross>,2
<Link: 1 comp; 8 cross>,1
<Link: 1 comp; 8 cross>,1
<Link: 1 comp; 8 cross>,2
<Link: 1 comp; 8 cross>,2
<Link: 1 comp; 8 cross>,2
<Link: 1 comp; 8 cross>,2
<Link: 1 comp; 8 cross>,2
<Link: 1 comp; 8 cross>,1
<Link: 1 comp; 8 cross>,1
<Link: 1 comp; 8 cross>,2
<Link: 1 comp; 8 cross>,2
<Link: 1 comp; 8 cross>,2
<Link: 1 comp; 8 cross>,2
<Link: 1 comp; 8 cross>,2
<Link: 1 comp; 8 cross>,1
<Link: 1 comp; 8 cross>,1
<Link: 1 comp; 8 cross>,2
<Link: 1 comp; 8 cross>,2
<Link: 1 comp; 8 cross>,2
<Link: 1 comp; 8 cross>,2
<Link: 1 comp; 8 cross>,2
<Link: 1 comp; 8 cross>,1
<Link: 1 comp; 8 cross>,1
<Link: 1 comp; 8 cross>,2
<Link: 1 comp; 8 cross>,2
<Link: 1 comp; 8 cross>,2
<Link: 1 comp; 8 cross>,2
<Link: 1 comp; 8 cross>,2
<Link: 1 comp; 8 cross>,1
<Link: 1 comp; 8 cross>,1
<Link: 1 comp; 8 cross>,3
<Link: 1 comp; 8 cross>,3
<Link: 1 comp; 8 cross>,3
<Link: 1 comp; 8 cross>,3
<Link: 1 comp; 8 cross>,3
<Link: 1 comp; 8 cross>,1
<Link: 1 comp; 8 cross>,1
<Link: 1 comp; 8 cross>,3
<Link: 1 comp; 8 cross>,3
<Link: 1 comp; 8 cross>,3
<Link: 1 comp; 8 cross>,3
<Link: 1 comp; 8 cross>,3
<Link: 1 comp; 8 cross>,1
<Link: 1 comp; 8 cross>,1
<Link: 1 comp; 8 cross>,3
<Link: 1 comp; 8 cross>,3
<Link: 1 comp; 8 cross>,3
<Link: 1 comp; 8 cross>,3
<Link: 1 comp; 8 cross>,3
<Link: 1 comp; 8 cross>,1
<Link: 1 comp; 8 cross>,1
<Link: 1 comp; 8 cross>,2
<Link: 1 comp; 8 cross>,2
<Link: 1 comp; 8 cross>,2
<Link: 1 comp; 8 cross>,2
<Link: 1 comp; 8 cross>,2
<Link: 1 comp; 8 cross>,1
<Link: 1 comp; 8 cross>,1
<Link: 1 comp; 8 cross>,2
<Link: 1 comp; 8 cross>,2
<Link: 1 comp; 8 cross>,2
<Link: 1 comp; 8 cross>,2
<Link: 1 comp; 8 cross>,2
<Link: 1 comp; 8 cross>,1
<Link: 1 comp; 8 cross>,1
<Link: 1 comp; 8 cross>,3
<Link: 1 comp; 8 cross>,3
<Link: 1 comp; 8 cross>,3
<Link: 1 comp; 8 cross>,3
<Link: 1 comp; 8 cross>,3
<Link: 1 comp; 8 cross>,1
<Link: 1 comp; 8 cross>,1
<Link: 1 comp; 8 cross>,2
<Link: 1 comp; 8 cross>,2
<Link: 1 comp; 8 cross>,2
<Link: 1 comp; 8 cross>,2
<Link: 1 comp; 8 cross>,2
<Link: 1 comp; 8 cross>,1
<Link: 1 comp; 8 cross>,1
<Link: 1 comp; 8 cross>,2
<Link: 1 comp; 8 cross>,2
<Link: 1 comp; 8 cross>,2
<Link: 1 comp; 8 cross>,2
<Link: 1 comp; 8 cross>,2
<Link: 1 comp; 8 cross>,1
<Link: 1 comp; 8 cross>,1
<Link: 1 comp; 8 cross>,2
<Link: 1 comp; 8 cross>,2
<Link: 1 comp; 8 cross>,2
<Link: 1 comp; 8 cross>,2
<Link: 1 comp; 8 cross>,2
<Link: 1 comp; 8 cross>,1
<Link: 1 comp; 8 cross>,1
<Link: 1 comp; 8 cross>,2
<Link: 1 comp; 8 cross>,2
<Link: 1 comp; 8 cross>,2
<Link: 1 comp; 8 cross>,2
<Link: 1 comp; 8 cross>,2
<Link: 1 comp; 8 cross>,1
<Link: 1 comp; 8 cross>,1
<Link: 1 comp; 8 cross>,2
<Link: 1 comp; 8 cross>,2
<Link: 1 comp; 8 cross>,2
<Link: 1 comp; 8 cross>,2
<Link: 1 comp; 8 cross>,2
<Link: 1 comp; 8 cross>,1
<Link: 1 comp; 8 cross>,1
<Link: 1 comp; 8 cross>,2
<Link: 1 comp; 8 cross>,2
<Link: 1 comp; 8 cross>,2
<Link: 1 comp; 8 cross>,2
<Link: 1 comp; 8 cross>,2
<Link: 1 comp; 8 cross>,1
<Link: 1 comp; 8 cross>,1
<Link: 1 comp; 8 cross>,3
<Link: 1 comp; 8 cross>,3
<Link: 1 comp; 8 cross>,3
<Link: 1 comp; 8 cross>,3
<Link: 1 comp; 8 cross>,3
<Link: 1 comp; 8 cross>,2
<Link: 1 comp; 9 cross>,1
<Link: 1 comp; 9 cross>,1
<Link: 1 comp; 9 cross>,2
<Link: 1 comp; 9 cross>,2
<Link: 1 comp; 9 cross>,2
<Link: 1 comp; 9 cross>,2
<Link: 1 comp; 9 cross>,2
<Link: 1 comp; 9 cross>,1
<Link: 1 comp; 9 cross>,1
<Link: 1 comp; 9 cross>,3
<Link: 1 comp; 9 cross>,3
<Link: 1 comp; 9 cross>,3
<Link: 1 comp; 9 cross>,3
<Link: 1 comp; 9 cross>,3
<Link: 1 comp; 9 cross>,1
<Link: 1 comp; 9 cross>,1
<Link: 1 comp; 9 cross>,2
<Link: 1 comp; 9 cross>,2
<Link: 1 comp; 9 cross>,2
<Link: 1 comp; 9 cross>,2
<Link: 1 comp; 9 cross>,2
<Link: 1 comp; 9 cross>,1
<Link: 1 comp; 9 cross>,1
<Link: 1 comp; 9 cross>,3
<Link: 1 comp; 9 cross>,3
<Link: 1 comp; 9 cross>,3
<Link: 1 comp; 9 cross>,3
<Link: 1 comp; 9 cross>,3
<Link: 1 comp; 9 cross>,1
<Link: 1 comp; 9 cross>,1
<Link: 1 comp; 9 cross>,3
<Link: 1 comp; 9 cross>,3
<Link: 1 comp; 9 cross>,3
<Link: 1 comp; 9 cross>,3
<Link: 1 comp; 9 cross>,3
<Link: 1 comp; 9 cross>,1
<Link: 1 comp; 9 cross>,1
<Link: 1 comp; 9 cross>,2
<Link: 1 comp; 9 cross>,2
<Link: 1 comp; 9 cross>,2
<Link: 1 comp; 9 cross>,2
<Link: 1 comp; 9 cross>,2
<Link: 1 comp; 9 cross>,1
<Link: 1 comp; 9 cross>,1
<Link: 1 comp; 9 cross>,2
<Link: 1 comp; 9 cross>,2
<Link: 1 comp; 9 cross>,2
<Link: 1 comp; 9 cross>,2
<Link: 1 comp; 9 cross>,2
<Link: 1 comp; 9 cross>,1
<Link: 1 comp; 9 cross>,1
<Link: 1 comp; 9 cross>,3
<Link: 1 comp; 9 cross>,3
<Link: 1 comp; 9 cross>,3
<Link: 1 comp; 9 cross>,3
<Link: 1 comp; 9 cross>,3
<Link: 1 comp; 9 cross>,1
<Link: 1 comp; 9 cross>,1
<Link: 1 comp; 9 cross>,3
<Link: 1 comp; 9 cross>,3
<Link: 1 comp; 9 cross>,3
<Link: 1 comp; 9 cross>,3
<Link: 1 comp; 9 cross>,3
<Link: 1 comp; 9 cross>,1
<Link: 1 comp; 9 cross>,1
<Link: 1 comp; 9 cross>,2
<Link: 1 comp; 9 cross>,2
<Link: 1 comp; 9 cross>,2
<Link: 1 comp; 9 cross>,2
<Link: 1 comp; 9 cross>,2
<Link: 1 comp; 9 cross>,1
<Link: 1 comp; 9 cross>,1
<Link: 1 comp; 9 cross>,2
<Link: 1 comp; 9 cross>,2
<Link: 1 comp; 9 cross>,2
<Link: 1 comp; 9 cross>,2
<Link: 1 comp; 9 cross>,2
<Link: 1 comp; 9 cross>,1
<Link: 1 comp; 9 cross>,1
<Link: 1 comp; 9 cross>,2
<Link: 1 comp; 9 cross>,2
<Link: 1 comp; 9 cross>,2
<Link: 1 comp; 9 cross>,2
<Link: 1 comp; 9 cross>,2
<Link: 1 comp; 9 cross>,1
<Link: 1 comp; 9 cross>,1
<Link: 1 comp; 9 cross>,3
<Link: 1 comp; 9 cross>,3
<Link: 1 comp; 9 cross>,3
<Link: 1 comp; 9 cross>,3
<Link: 1 comp; 9 cross>,3
<Link: 1 comp; 9 cross>,1
<Link: 1 comp; 9 cross>,1
<Link: 1 comp; 9 cross>,3
<Link: 1 comp; 9 cross>,3
<Link: 1 comp; 9 cross>,3
<Link: 1 comp; 9 cross>,3
<Link: 1 comp; 9 cross>,3
<Link: 1 comp; 9 cross>,1
<Link: 1 comp; 9 cross>,1
<Link: 1 comp; 9 cross>,2
<Link: 1 comp; 9 cross>,2
<Link: 1 comp; 9 cross>,2
<Link: 1 comp; 9 cross>,2
<Link: 1 comp; 9 cross>,2
<Link: 1 comp; 9 cross>,1
<Link: 1 comp; 9 cross>,1
<Link: 1 comp; 9 cross>,3
<Link: 1 comp; 9 cross>,3
<Link: 1 comp; 9 cross>,3
<Link: 1 comp; 9 cross>,3
<Link: 1 comp; 9 cross>,3
<Link: 1 comp; 9 cross>,1
<Link: 1 comp; 9 cross>,1
<Link: 1 comp; 9 cross>,2
<Link: 1 comp; 9 cross>,2
<Link: 1 comp; 9 cross>,2
<Link: 1 comp; 9 cross>,2
<Link: 1 comp; 9 cross>,2
<Link: 1 comp; 9 cross>,1
<Link: 1 comp; 9 cross>,1
<Link: 1 comp; 9 cross>,2
<Link: 1 comp; 9 cross>,2
<Link: 1 comp; 9 cross>,2
<Link: 1 comp; 9 cross>,2
<Link: 1 comp; 9 cross>,2
<Link: 1 comp; 9 cross>,1
<Link: 1 comp; 9 cross>,1
<Link: 1 comp; 9 cross>,3
<Link: 1 comp; 9 cross>,3
<Link: 1 comp; 9 cross>,3
<Link: 1 comp; 9 cross>,3
<Link: 1 comp; 9 cross>,3
<Link: 1 comp; 9 cross>,1
<Link: 1 comp; 9 cross>,1
<Link: 1 comp; 9 cross>,3
<Link: 1 comp; 9 cross>,3
<Link: 1 comp; 9 cross>,3
<Link: 1 comp; 9 cross>,3
<Link: 1 comp; 9 cross>,3
<Link: 1 comp; 9 cross>,1
<Link: 1 comp; 9 cross>,1
<Link: 1 comp; 9 cross>,2
<Link: 1 comp; 9 cross>,2
<Link: 1 comp; 9 cross>,2
<Link: 1 comp; 9 cross>,2
<Link: 1 comp; 9 cross>,2
<Link: 1 comp; 9 cross>,1
<Link: 1 comp; 9 cross>,1
<Link: 1 comp; 9 cross>,3
<Link: 1 comp; 9 cross>,3
<Link: 1 comp; 9 cross>,3
<Link: 1 comp; 9 cross>,3
<Link: 1 comp; 9 cross>,3
<Link: 1 comp; 9 cross>,1
<Link: 1 comp; 9 cross>,1
<Link: 1 comp; 9 cross>,3
<Link: 1 comp; 9 cross>,3
<Link: 1 comp; 9 cross>,3
<Link: 1 comp; 9 cross>,3
<Link: 1 comp; 9 cross>,3
<Link: 1 comp; 9 cross>,1
<Link: 1 comp; 9 cross>,1
<Link: 1 comp; 9 cross>,3
<Link: 1 comp; 9 cross>,3
<Link: 1 comp; 9 cross>,3
<Link: 1 comp; 9 cross>,3
<Link: 1 comp; 9 cross>,3
<Link: 1 comp; 9 cross>,1
<Link: 1 comp; 9 cross>,1
<Link: 1 comp; 9 cross>,3
<Link: 1 comp; 9 cross>,3
<Link: 1 comp; 9 cross>,3
<Link: 1 comp; 9 cross>,3
<Link: 1 comp; 9 cross>,3
<Link: 1 comp; 9 cross>,1
<Link: 1 comp; 9 cross>,1
<Link: 1 comp; 9 cross>,3
<Link: 1 comp; 9 cross>,3
<Link: 1 comp; 9 cross>,3
<Link: 1 comp; 9 cross>,3
<Link: 1 comp; 9 cross>,3
<Link: 1 comp; 9 cross>,1
<Link: 1 comp; 9 cross>,1
<Link: 1 comp; 9 cross>,2
<Link: 1 comp; 9 cross>,3
<Link: 1 comp; 9 cross>,3
<Link: 1 comp; 9 cross>,3
<Link: 1 comp; 9 cross>,3
<Link: 1 comp; 9 cross>,1
<Link: 1 comp; 9 cross>,1
<Link: 1 comp; 9 cross>,2
<Link: 1 comp; 9 cross>,2
<Link: 1 comp; 9 cross>,2
<Link: 1 comp; 9 cross>,2
