knot,3-genus,reason
m004,1,Knot is fibered and thus 3-genus follows from Alexander polynomial
m015,1,Knot Floer homology computation
m016,5,Knot is fibered and thus 3-genus follows from Alexander polynomial
m032,1,Knot Floer homology computation
m053,1,Knot Floer homology computation
m071,11,Knot is fibered and thus 3-genus follows from Alexander polynomial
m074,1,Knot Floer homology computation
m082,8,Knot is fibered and thus 3-genus follows from Alexander polynomial
m094,1,Knot Floer homology computation
m103,15,Knot is fibered and thus 3-genus follows from Alexander polynomial
m118,10,Knot is fibered and thus 3-genus follows from Alexander polynomial
m144,11,Knot is fibered and thus 3-genus follows from Alexander polynomial
m194,13,Knot is fibered and thus 3-genus follows from Alexander polynomial
m198,13,Knot is fibered and thus 3-genus follows from Alexander polynomial
m199,2,Knot is fibered and thus 3-genus follows from Alexander polynomial
m201,2,Knot is fibered and thus 3-genus follows from Alexander polynomial
m211,9,Knot is fibered and thus 3-genus follows from Alexander polynomial
m222,2,Knot is fibered and thus 3-genus follows from Alexander polynomial
m223,6,Knot is fibered and thus 3-genus follows from Alexander polynomial
m224,2,Knot is fibered and thus 3-genus follows from Alexander polynomial
m239,11,Knot is fibered and thus 3-genus follows from Alexander polynomial
m240,12,Knot is fibered and thus 3-genus follows from Alexander polynomial
m270,16,Knot is fibered and thus 3-genus follows from Alexander polynomial
m276,18,Knot is fibered and thus 3-genus follows from Alexander polynomial
m281,16,Knot is fibered and thus 3-genus follows from Alexander polynomial
m289,2,Knot is fibered and thus 3-genus follows from Alexander polynomial
m340,2,Knot Floer homology computation
m372,1,Knot Floer homology computation
m389,4,Knot is fibered and thus 3-genus follows from Alexander polynomial
s016,1,Knot Floer homology computation
s023,1,Knot Floer homology computation
s042,21,Knot is fibered and thus 3-genus follows from Alexander polynomial
s068,25,Knot is fibered and thus 3-genus follows from Alexander polynomial
s086,14,Knot is fibered and thus 3-genus follows from Alexander polynomial
s104,26,Knot is fibered and thus 3-genus follows from Alexander polynomial
s114,31,Knot is fibered and thus 3-genus follows from Alexander polynomial
s188,3,Knot is fibered and thus 3-genus follows from Alexander polynomial
s194,3,Knot is fibered and thus 3-genus follows from Alexander polynomial
s239,2,Knot is fibered and thus 3-genus follows from Alexander polynomial
s294,17,Knot is fibered and thus 3-genus follows from Alexander polynomial
s301,23,Knot is fibered and thus 3-genus follows from Alexander polynomial
s308,23,Knot is fibered and thus 3-genus follows from Alexander polynomial
s336,17,Knot is fibered and thus 3-genus follows from Alexander polynomial
s344,24,Knot is fibered and thus 3-genus follows from Alexander polynomial
s346,28,Knot is fibered and thus 3-genus follows from Alexander polynomial
s367,22,Knot is fibered and thus 3-genus follows from Alexander polynomial
s369,27,Knot is fibered and thus 3-genus follows from Alexander polynomial
s384,7,Knot is fibered and thus 3-genus follows from Alexander polynomial
s385,3,Knot is fibered and thus 3-genus follows from Alexander polynomial
s407,29,Knot is fibered and thus 3-genus follows from Alexander polynomial
s451,3,Knot is fibered and thus 3-genus follows from Alexander polynomial
s526,3,Knot is fibered and thus 3-genus follows from Alexander polynomial
s558,3,Knot Floer homology computation
s560,15,Knot is fibered and thus 3-genus follows from Alexander polynomial
s580,2,Knot is fibered and thus 3-genus follows from Alexander polynomial
s582,18,Knot is fibered and thus 3-genus follows from Alexander polynomial
s648,1,Knot Floer homology computation
s652,9,Knot is fibered and thus 3-genus follows from Alexander polynomial
s665,28,Knot is fibered and thus 3-genus follows from Alexander polynomial
s682,9,Knot is fibered and thus 3-genus follows from Alexander polynomial
s684,20,Knot is fibered and thus 3-genus follows from Alexander polynomial
s704,2,Knot is fibered and thus 3-genus follows from Alexander polynomial
s726,1,Knot Floer homology computation
s769,29,Knot is fibered and thus 3-genus follows from Alexander polynomial
s800,26,Knot is fibered and thus 3-genus follows from Alexander polynomial
s836,4,Knot is fibered and thus 3-genus follows from Alexander polynomial
s841,7,Knot is fibered and thus 3-genus follows from Alexander polynomial
s849,13,Knot is fibered and thus 3-genus follows from Alexander polynomial
s862,2,Knot Floer homology computation
s870,2,Knot Floer homology computation
s879,1,Knot Floer homology computation
s912,2,Knot is fibered and thus 3-genus follows from Alexander polynomial
v0016,1,Knot Floer homology computation
v0025,1,Knot Floer homology computation
v0082,31,Knot is fibered and thus 3-genus follows from Alexander polynomial
v0114,35,Knot is fibered and thus 3-genus follows from Alexander polynomial
v0165,17,Knot is fibered and thus 3-genus follows from Alexander polynomial
v0220,47,Knot is fibered and thus 3-genus follows from Alexander polynomial
v0223,52,Knot is fibered and thus 3-genus follows from Alexander polynomial
v0249,16,Knot is fibered and thus 3-genus follows from Alexander polynomial
v0319,24,Knot is fibered and thus 3-genus follows from Alexander polynomial
v0321,4,Knot is fibered and thus 3-genus follows from Alexander polynomial
v0329,4,Knot is fibered and thus 3-genus follows from Alexander polynomial
v0330,23,Knot is fibered and thus 3-genus follows from Alexander polynomial
v0398,34,Knot is fibered and thus 3-genus follows from Alexander polynomial
v0407,36,Knot is fibered and thus 3-genus follows from Alexander polynomial
v0424,33,Knot is fibered and thus 3-genus follows from Alexander polynomial
v0434,41,Knot is fibered and thus 3-genus follows from Alexander polynomial
v0497,44,Knot is fibered and thus 3-genus follows from Alexander polynomial
v0521,3,Knot is fibered and thus 3-genus follows from Alexander polynomial
v0535,4,Knot is fibered and thus 3-genus follows from Alexander polynomial
v0545,14,Knot is fibered and thus 3-genus follows from Alexander polynomial
v0554,25,Knot is fibered and thus 3-genus follows from Alexander polynomial
v0570,33,Knot is fibered and thus 3-genus follows from Alexander polynomial
v0573,33,Knot is fibered and thus 3-genus follows from Alexander polynomial
v0595,3,Knot is fibered and thus 3-genus follows from Alexander polynomial
v0600,4,Knot is fibered and thus 3-genus follows from Alexander polynomial
v0656,5,Knot is fibered and thus 3-genus follows from Alexander polynomial
v0707,23,Knot is fibered and thus 3-genus follows from Alexander polynomial
v0709,22,Knot is fibered and thus 3-genus follows from Alexander polynomial
v0715,46,Knot is fibered and thus 3-genus follows from Alexander polynomial
v0740,28,Knot is fibered and thus 3-genus follows from Alexander polynomial
v0741,54,Knot is fibered and thus 3-genus follows from Alexander polynomial
v0759,34,Knot is fibered and thus 3-genus follows from Alexander polynomial
v0765,32,Knot is fibered and thus 3-genus follows from Alexander polynomial
v0830,19,Knot is fibered and thus 3-genus follows from Alexander polynomial
v0847,33,Knot is fibered and thus 3-genus follows from Alexander polynomial
v0912,39,Knot is fibered and thus 3-genus follows from Alexander polynomial
v0939,27,Knot is fibered and thus 3-genus follows from Alexander polynomial
v0945,43,Knot is fibered and thus 3-genus follows from Alexander polynomial
v0959,8,Knot is fibered and thus 3-genus follows from Alexander polynomial
v0960,4,Knot is fibered and thus 3-genus follows from Alexander polynomial
v1063,4,Knot is fibered and thus 3-genus follows from Alexander polynomial
v1077,49,Knot is fibered and thus 3-genus follows from Alexander polynomial
v1109,50,Knot is fibered and thus 3-genus follows from Alexander polynomial
v1126,5,Knot is fibered and thus 3-genus follows from Alexander polynomial
v1217,4,Knot is fibered and thus 3-genus follows from Alexander polynomial
v1243,4,Knot Floer homology computation
v1269,21,Knot is fibered and thus 3-genus follows from Alexander polynomial
v1300,24,Knot is fibered and thus 3-genus follows from Alexander polynomial
v1348,5,Knot is fibered and thus 3-genus follows from Alexander polynomial
v1359,22,Knot is fibered and thus 3-genus follows from Alexander polynomial
v1392,25,Knot is fibered and thus 3-genus follows from Alexander polynomial
v1423,19,Knot is fibered and thus 3-genus follows from Alexander polynomial
v1425,15,Knot is fibered and thus 3-genus follows from Alexander polynomial
v1434,5,Knot is fibered and thus 3-genus follows from Alexander polynomial
v1547,28,Knot is fibered and thus 3-genus follows from Alexander polynomial
v1565,21,Knot is fibered and thus 3-genus follows from Alexander polynomial
v1620,24,Knot is fibered and thus 3-genus follows from Alexander polynomial
v1628,33,Knot is fibered and thus 3-genus follows from Alexander polynomial
v1690,32,Knot is fibered and thus 3-genus follows from Alexander polynomial
v1709,35,Knot is fibered and thus 3-genus follows from Alexander polynomial
v1716,29,Knot is fibered and thus 3-genus follows from Alexander polynomial
v1718,37,Knot is fibered and thus 3-genus follows from Alexander polynomial
v1728,28,Knot is fibered and thus 3-genus follows from Alexander polynomial
v1810,38,Knot is fibered and thus 3-genus follows from Alexander polynomial
v1811,4,Knot is fibered and thus 3-genus follows from Alexander polynomial
v1832,31,Knot is fibered and thus 3-genus follows from Alexander polynomial
v1839,50,Knot is fibered and thus 3-genus follows from Alexander polynomial
v1915,12,Knot is fibered and thus 3-genus follows from Alexander polynomial
v1921,40,Knot is fibered and thus 3-genus follows from Alexander polynomial
v1935,4,Knot is fibered and thus 3-genus follows from Alexander polynomial
v1940,42,Knot is fibered and thus 3-genus follows from Alexander polynomial
v1964,2,Knot Floer homology computation
v1966,49,Knot is fibered and thus 3-genus follows from Alexander polynomial
v1971,4,Knot is fibered and thus 3-genus follows from Alexander polynomial
v1980,17,Knot is fibered and thus 3-genus follows from Alexander polynomial
v1986,39,Knot is fibered and thus 3-genus follows from Alexander polynomial
v2001,1,Knot Floer homology computation
v2024,42,Knot is fibered and thus 3-genus follows from Alexander polynomial
v2090,50,Knot is fibered and thus 3-genus follows from Alexander polynomial
v2166,3,Knot is fibered and thus 3-genus follows from Alexander polynomial
v2191,10,Knot is fibered and thus 3-genus follows from Alexander polynomial
v2215,30,Knot is fibered and thus 3-genus follows from Alexander polynomial
v2217,10,Knot is fibered and thus 3-genus follows from Alexander polynomial
v2257,1,Knot Floer homology computation
v2272,2,Knot is fibered and thus 3-genus follows from Alexander polynomial
v2284,1,Knot Floer homology computation
v2290,19,Knot is fibered and thus 3-genus follows from Alexander polynomial
v2325,36,Knot is fibered and thus 3-genus follows from Alexander polynomial
v2362,1,Knot Floer homology computation
v2384,10,Knot is fibered and thus 3-genus follows from Alexander polynomial
v2488,2,Knot Floer homology computation
v2508,3,Knot is fibered and thus 3-genus follows from Alexander polynomial
v2520,2,Knot Floer homology computation
v2543,2,Knot is fibered and thus 3-genus follows from Alexander polynomial
v2552,4,Knot is fibered and thus 3-genus follows from Alexander polynomial
v2553,3,Knot Floer homology computation
v2623,3,Knot is fibered and thus 3-genus follows from Alexander polynomial
v2624,4,Knot Floer homology computation
v2642,5,Knot is fibered and thus 3-genus follows from Alexander polynomial
v2743,1,Knot Floer homology computation
v2759,27,Knot is fibered and thus 3-genus follows from Alexander polynomial
v2851,8,Knot is fibered and thus 3-genus follows from Alexander polynomial
v2858,3,Knot Floer homology computation
v2861,1,Knot Floer homology computation
v2869,3,Knot is fibered and thus 3-genus follows from Alexander polynomial
v2871,8,Knot is fibered and thus 3-genus follows from Alexander polynomial
v2888,7,Knot is fibered and thus 3-genus follows from Alexander polynomial
v2894,3,Knot Floer homology computation
v2900,23,Knot is fibered and thus 3-genus follows from Alexander polynomial
v2925,12,Knot is fibered and thus 3-genus follows from Alexander polynomial
v2930,30,Knot is fibered and thus 3-genus follows from Alexander polynomial
v3070,26,Knot is fibered and thus 3-genus follows from Alexander polynomial
v3081,7,Knot is fibered and thus 3-genus follows from Alexander polynomial
v3093,2,Knot is fibered and thus 3-genus follows from Alexander polynomial
v3105,14,Knot is fibered and thus 3-genus follows from Alexander polynomial
v3169,1,Knot Floer homology computation
v3195,3,Knot is fibered and thus 3-genus follows from Alexander polynomial
v3199,7,Knot is fibered and thus 3-genus follows from Alexander polynomial
v3234,15,Knot is fibered and thus 3-genus follows from Alexander polynomial
v3310,2,Knot Floer homology computation
v3320,3,Knot is fibered and thus 3-genus follows from Alexander polynomial
v3335,15,Knot is fibered and thus 3-genus follows from Alexander polynomial
v3354,44,Knot is fibered and thus 3-genus follows from Alexander polynomial
v3356,8,Knot is fibered and thus 3-genus follows from Alexander polynomial
v3423,2,Knot is fibered and thus 3-genus follows from Alexander polynomial
v3482,19,Knot is fibered and thus 3-genus follows from Alexander polynomial
v3505,2,Knot is fibered and thus 3-genus follows from Alexander polynomial
v3536,2,Knot is fibered and thus 3-genus follows from Alexander polynomial
v3541,5,Knot is fibered and thus 3-genus follows from Alexander polynomial
t00017,1,Knot Floer homology computation
t00027,1,Knot Floer homology computation
t00110,41,Knot is fibered and thus 3-genus follows from Alexander polynomial
t00146,45,Knot is fibered and thus 3-genus follows from Alexander polynomial
t00324,20,Knot is fibered and thus 3-genus follows from Alexander polynomial
t00423,68,Knot is fibered and thus 3-genus follows from Alexander polynomial
t00434,73,Knot is fibered and thus 3-genus follows from Alexander polynomial
t00550,31,Knot is fibered and thus 3-genus follows from Alexander polynomial
t00565,5,Knot is fibered and thus 3-genus follows from Alexander polynomial
t00577,5,Knot is fibered and thus 3-genus follows from Alexander polynomial
t00621,39,Knot is fibered and thus 3-genus follows from Alexander polynomial
t00729,44,Knot is fibered and thus 3-genus follows from Alexander polynomial
t00787,55,Knot is fibered and thus 3-genus follows from Alexander polynomial
t00826,64,Knot is fibered and thus 3-genus follows from Alexander polynomial
t00855,69,Knot is fibered and thus 3-genus follows from Alexander polynomial
t00873,61,Knot is fibered and thus 3-genus follows from Alexander polynomial
t00932,72,Knot is fibered and thus 3-genus follows from Alexander polynomial
t01033,43,Knot is fibered and thus 3-genus follows from Alexander polynomial
t01037,43,Knot is fibered and thus 3-genus follows from Alexander polynomial
t01039,4,Knot is fibered and thus 3-genus follows from Alexander polynomial
t01125,53,Knot is fibered and thus 3-genus follows from Alexander polynomial
t01142,4,Knot is fibered and thus 3-genus follows from Alexander polynomial
t01216,57,Knot is fibered and thus 3-genus follows from Alexander polynomial
t01235,7,Knot is fibered and thus 3-genus follows from Alexander polynomial
t01268,73,Knot is fibered and thus 3-genus follows from Alexander polynomial
t01292,69,Knot is fibered and thus 3-genus follows from Alexander polynomial
t01318,47,Knot is fibered and thus 3-genus follows from Alexander polynomial
t01342,8,Knot is fibered and thus 3-genus follows from Alexander polynomial
t01368,53,Knot is fibered and thus 3-genus follows from Alexander polynomial
t01409,82,Knot is fibered and thus 3-genus follows from Alexander polynomial
t01422,29,Knot is fibered and thus 3-genus follows from Alexander polynomial
t01424,90,Knot is fibered and thus 3-genus follows from Alexander polynomial
t01440,34,Knot is fibered and thus 3-genus follows from Alexander polynomial
t01598,73,Knot is fibered and thus 3-genus follows from Alexander polynomial
t01636,71,Knot is fibered and thus 3-genus follows from Alexander polynomial
t01646,82,Knot is fibered and thus 3-genus follows from Alexander polynomial
t01690,84,Knot is fibered and thus 3-genus follows from Alexander polynomial
t01757,46,Knot is fibered and thus 3-genus follows from Alexander polynomial
t01779,5,Knot is fibered and thus 3-genus follows from Alexander polynomial
t01815,26,Knot is fibered and thus 3-genus follows from Alexander polynomial
t01834,53,Knot is fibered and thus 3-genus follows from Alexander polynomial
t01850,44,Knot is fibered and thus 3-genus follows from Alexander polynomial
t01863,55,Knot is fibered and thus 3-genus follows from Alexander polynomial
t01901,3,Knot is fibered and thus 3-genus follows from Alexander polynomial
t01949,52,Knot is fibered and thus 3-genus follows from Alexander polynomial
t01966,29,Knot is fibered and thus 3-genus follows from Alexander polynomial
t02019,4,Knot is fibered and thus 3-genus follows from Alexander polynomial
t02069,3,Knot is fibered and thus 3-genus follows from Alexander polynomial
t02099,37,Knot is fibered and thus 3-genus follows from Alexander polynomial
t02104,49,Knot is fibered and thus 3-genus follows from Alexander polynomial
t02188,4,Knot is fibered and thus 3-genus follows from Alexander polynomial
t02238,62,Knot is fibered and thus 3-genus follows from Alexander polynomial
t02275,5,Knot is fibered and thus 3-genus follows from Alexander polynomial
t02276,9,Knot is fibered and thus 3-genus follows from Alexander polynomial
t02378,69,Knot is fibered and thus 3-genus follows from Alexander polynomial
t02398,71,Knot is fibered and thus 3-genus follows from Alexander polynomial
t02404,51,Knot is fibered and thus 3-genus follows from Alexander polynomial
t02470,71,Knot is fibered and thus 3-genus follows from Alexander polynomial
t02537,70,Knot is fibered and thus 3-genus follows from Alexander polynomial
t02567,71,Knot is fibered and thus 3-genus follows from Alexander polynomial
t02599,7,Knot is fibered and thus 3-genus follows from Alexander polynomial
t02634,8,Knot is fibered and thus 3-genus follows from Alexander polynomial
t02639,86,Knot is fibered and thus 3-genus follows from Alexander polynomial
t02789,5,Knot is fibered and thus 3-genus follows from Alexander polynomial
t02795,5,Knot Floer homology computation
t03106,30,Knot is fibered and thus 3-genus follows from Alexander polynomial
t03566,45,Knot is fibered and thus 3-genus follows from Alexander polynomial
t03592,7,Knot is fibered and thus 3-genus follows from Alexander polynomial
t03607,60,Knot is fibered and thus 3-genus follows from Alexander polynomial
t03608,2,Knot is fibered and thus 3-genus follows from Alexander polynomial
t03709,54,Knot is fibered and thus 3-genus follows from Alexander polynomial
t03710,27,Knot is fibered and thus 3-genus follows from Alexander polynomial
t03713,46,Knot is fibered and thus 3-genus follows from Alexander polynomial
t03781,30,Knot is fibered and thus 3-genus follows from Alexander polynomial
t03843,24,Knot is fibered and thus 3-genus follows from Alexander polynomial
t03864,53,Knot is fibered and thus 3-genus follows from Alexander polynomial
t03956,38,Knot is fibered and thus 3-genus follows from Alexander polynomial
t03979,47,Knot is fibered and thus 3-genus follows from Alexander polynomial
t04003,49,Knot is fibered and thus 3-genus follows from Alexander polynomial
t04019,32,Knot is fibered and thus 3-genus follows from Alexander polynomial
t04102,50,Knot is fibered and thus 3-genus follows from Alexander polynomial
t04180,48,Knot is fibered and thus 3-genus follows from Alexander polynomial
t04228,63,Knot is fibered and thus 3-genus follows from Alexander polynomial
t04244,77,Knot is fibered and thus 3-genus follows from Alexander polynomial
t04359,8,Knot is fibered and thus 3-genus follows from Alexander polynomial
t04364,5,Knot is fibered and thus 3-genus follows from Alexander polynomial
t04382,66,Knot is fibered and thus 3-genus follows from Alexander polynomial
t04449,18,Knot is fibered and thus 3-genus follows from Alexander polynomial
t04507,3,Knot is fibered and thus 3-genus follows from Alexander polynomial
t04557,15,Knot is fibered and thus 3-genus follows from Alexander polynomial
t04651,2,Knot Floer homology computation
t04721,60,Knot is fibered and thus 3-genus follows from Alexander polynomial
t04756,36,Knot is fibered and thus 3-genus follows from Alexander polynomial
t04875,8,Knot is fibered and thus 3-genus follows from Alexander polynomial
t04927,34,Knot is fibered and thus 3-genus follows from Alexander polynomial
t04928,7,Knot is fibered and thus 3-genus follows from Alexander polynomial
t04986,13,Knot is fibered and thus 3-genus follows from Alexander polynomial
t05074,1,Knot Floer homology computation
t05118,78,Knot is fibered and thus 3-genus follows from Alexander polynomial
t05239,71,Knot is fibered and thus 3-genus follows from Alexander polynomial
t05252,1,Knot Floer homology computation
t05269,2,Knot Floer homology computation
t05288,7,Knot is fibered and thus 3-genus follows from Alexander polynomial
t05390,43,Knot is fibered and thus 3-genus follows from Alexander polynomial
t05399,10,Knot is fibered and thus 3-genus follows from Alexander polynomial
t05425,46,Knot is fibered and thus 3-genus follows from Alexander polynomial
t05426,84,Knot is fibered and thus 3-genus follows from Alexander polynomial
t05538,40,Knot is fibered and thus 3-genus follows from Alexander polynomial
t05564,54,Knot is fibered and thus 3-genus follows from Alexander polynomial
t05578,71,Knot is fibered and thus 3-genus follows from Alexander polynomial
t05658,45,Knot is fibered and thus 3-genus follows from Alexander polynomial
t05663,58,Knot is fibered and thus 3-genus follows from Alexander polynomial
t05674,57,Knot is fibered and thus 3-genus follows from Alexander polynomial
t05695,46,Knot is fibered and thus 3-genus follows from Alexander polynomial
t05803,1,Knot Floer homology computation
t05899,1,Knot Floer homology computation
t06001,54,Knot is fibered and thus 3-genus follows from Alexander polynomial
t06119,2,Knot Floer homology computation
t06161,2,Knot Floer homology computation
t06246,43,Knot is fibered and thus 3-genus follows from Alexander polynomial
t06316,3,Knot is fibered and thus 3-genus follows from Alexander polynomial
t06440,65,Knot is fibered and thus 3-genus follows from Alexander polynomial
t06463,86,Knot is fibered and thus 3-genus follows from Alexander polynomial
t06525,56,Knot is fibered and thus 3-genus follows from Alexander polynomial
t06570,68,Knot is fibered and thus 3-genus follows from Alexander polynomial
t06573,11,Knot is fibered and thus 3-genus follows from Alexander polynomial
t06605,86,Knot is fibered and thus 3-genus follows from Alexander polynomial
t06637,36,Knot is fibered and thus 3-genus follows from Alexander polynomial
t06715,16,Knot is fibered and thus 3-genus follows from Alexander polynomial
t06925,6,Knot is fibered and thus 3-genus follows from Alexander polynomial
t06957,42,Knot is fibered and thus 3-genus follows from Alexander polynomial
t07070,16,Knot is fibered and thus 3-genus follows from Alexander polynomial
t07094,7,Knot is fibered and thus 3-genus follows from Alexander polynomial
t07104,13,Knot is fibered and thus 3-genus follows from Alexander polynomial
t07123,7,Knot Floer homology computation
t07168,4,Knot is fibered and thus 3-genus follows from Alexander polynomial
t07281,3,Knot is fibered and thus 3-genus follows from Alexander polynomial
t07348,33,Knot is fibered and thus 3-genus follows from Alexander polynomial
t07355,14,Knot is fibered and thus 3-genus follows from Alexander polynomial
t07412,24,Knot is fibered and thus 3-genus follows from Alexander polynomial
t07452,4,Knot is fibered and thus 3-genus follows from Alexander polynomial
t07487,8,Knot is fibered and thus 3-genus follows from Alexander polynomial
t07550,7,Knot is fibered and thus 3-genus follows from Alexander polynomial
t07579,5,Knot is fibered and thus 3-genus follows from Alexander polynomial
t07599,2,Knot is fibered and thus 3-genus follows from Alexander polynomial
t07658,4,Knot Floer homology computation
t07670,19,Knot is fibered and thus 3-genus follows from Alexander polynomial
t07682,1,Knot Floer homology computation
t07687,4,Knot Floer homology computation
t07693,8,Knot is fibered and thus 3-genus follows from Alexander polynomial
t07734,1,Knot Floer homology computation
t07944,18,Knot is fibered and thus 3-genus follows from Alexander polynomial
t07967,10,Knot is fibered and thus 3-genus follows from Alexander polynomial
t07979,4,Knot is fibered and thus 3-genus follows from Alexander polynomial
t08111,27,Knot is fibered and thus 3-genus follows from Alexander polynomial
t08114,12,Knot is fibered and thus 3-genus follows from Alexander polynomial
t08173,5,Knot is fibered and thus 3-genus follows from Alexander polynomial
t08184,37,Knot is fibered and thus 3-genus follows from Alexander polynomial
t08201,34,Knot is fibered and thus 3-genus follows from Alexander polynomial
t08237,10,Knot is fibered and thus 3-genus follows from Alexander polynomial
t08267,56,Knot is fibered and thus 3-genus follows from Alexander polynomial
t08273,21,Knot is fibered and thus 3-genus follows from Alexander polynomial
t08306,1,Knot Floer homology computation
t08307,3,Knot Floer homology computation
t08346,3,Knot Floer homology computation
t08386,5,Knot is fibered and thus 3-genus follows from Alexander polynomial
t08387,3,Knot is fibered and thus 3-genus follows from Alexander polynomial
t08403,44,Knot is fibered and thus 3-genus follows from Alexander polynomial
t08443,5,Knot is fibered and thus 3-genus follows from Alexander polynomial
t08508,5,Knot is fibered and thus 3-genus follows from Alexander polynomial
t08532,21,Knot is fibered and thus 3-genus follows from Alexander polynomial
t08576,37,Knot is fibered and thus 3-genus follows from Alexander polynomial
t08617,1,Knot Floer homology computation
t08767,22,Knot is fibered and thus 3-genus follows from Alexander polynomial
t08838,14,Knot is fibered and thus 3-genus follows from Alexander polynomial
t08898,17,Knot is fibered and thus 3-genus follows from Alexander polynomial
t08917,4,Knot is fibered and thus 3-genus follows from Alexander polynomial
t08936,23,Knot is fibered and thus 3-genus follows from Alexander polynomial
t08967,3,Knot is fibered and thus 3-genus follows from Alexander polynomial
t08973,13,Knot is fibered and thus 3-genus follows from Alexander polynomial
t09016,56,Knot is fibered and thus 3-genus follows from Alexander polynomial
t09126,29,Knot is fibered and thus 3-genus follows from Alexander polynomial
t09218,7,Knot is fibered and thus 3-genus follows from Alexander polynomial
t09267,48,Knot is fibered and thus 3-genus follows from Alexander polynomial
t09279,11,Knot is fibered and thus 3-genus follows from Alexander polynomial
t09284,10,Knot is fibered and thus 3-genus follows from Alexander polynomial
t09313,63,Knot is fibered and thus 3-genus follows from Alexander polynomial
t09359,4,Knot Floer homology computation
t09450,27,Knot is fibered and thus 3-genus follows from Alexander polynomial
t09455,51,Knot is fibered and thus 3-genus follows from Alexander polynomial
t09500,18,Knot is fibered and thus 3-genus follows from Alexander polynomial
t09580,48,Knot is fibered and thus 3-genus follows from Alexander polynomial
t09612,3,Knot is fibered and thus 3-genus follows from Alexander polynomial
t09613,3,Knot is fibered and thus 3-genus follows from Alexander polynomial
t09633,18,Knot is fibered and thus 3-genus follows from Alexander polynomial
t09690,40,Knot is fibered and thus 3-genus follows from Alexander polynomial
t09704,77,Knot is fibered and thus 3-genus follows from Alexander polynomial
t09734,2,Knot Floer homology computation
t09735,2,Knot Floer homology computation
t09772,8,Knot is fibered and thus 3-genus follows from Alexander polynomial
t09847,7,Knot is fibered and thus 3-genus follows from Alexander polynomial
t09852,28,Knot is fibered and thus 3-genus follows from Alexander polynomial
t09859,3,Knot Floer homology computation
t09882,9,Knot is fibered and thus 3-genus follows from Alexander polynomial
t09900,2,Knot Floer homology computation
t09901,2,Knot Floer homology computation
t09912,21,Knot is fibered and thus 3-genus follows from Alexander polynomial
t09927,2,Knot is fibered and thus 3-genus follows from Alexander polynomial
t09954,32,Knot is fibered and thus 3-genus follows from Alexander polynomial
t10177,41,Knot is fibered and thus 3-genus follows from Alexander polynomial
t10188,21,Knot is fibered and thus 3-genus follows from Alexander polynomial
t10215,18,Knot is fibered and thus 3-genus follows from Alexander polynomial
t10224,16,Knot is fibered and thus 3-genus follows from Alexander polynomial
t10230,27,Knot is fibered and thus 3-genus follows from Alexander polynomial
t10262,19,Knot is fibered and thus 3-genus follows from Alexander polynomial
t10292,23,Knot is fibered and thus 3-genus follows from Alexander polynomial
t10407,10,Knot is fibered and thus 3-genus follows from Alexander polynomial
t10416,1,Knot Floer homology computation
t10462,52,Knot is fibered and thus 3-genus follows from Alexander polynomial
t10496,12,Knot is fibered and thus 3-genus follows from Alexander polynomial
t10499,3,Knot is fibered and thus 3-genus follows from Alexander polynomial
t10500,3,Knot is fibered and thus 3-genus follows from Alexander polynomial
t10558,5,Knot is fibered and thus 3-genus follows from Alexander polynomial
t10620,6,Knot is fibered and thus 3-genus follows from Alexander polynomial
t10643,59,Knot is fibered and thus 3-genus follows from Alexander polynomial
t10645,4,Knot is fibered and thus 3-genus follows from Alexander polynomial
t10664,12,Knot is fibered and thus 3-genus follows from Alexander polynomial
t10681,79,Knot is fibered and thus 3-genus follows from Alexander polynomial
t10832,17,Knot is fibered and thus 3-genus follows from Alexander polynomial
t10887,4,Knot is fibered and thus 3-genus follows from Alexander polynomial
t10930,3,Knot is fibered and thus 3-genus follows from Alexander polynomial
t10932,3,Knot is fibered and thus 3-genus follows from Alexander polynomial
t10944,14,Knot is fibered and thus 3-genus follows from Alexander polynomial
t10974,4,Knot is fibered and thus 3-genus follows from Alexander polynomial
t10985,76,Knot is fibered and thus 3-genus follows from Alexander polynomial
t11034,3,Knot is fibered and thus 3-genus follows from Alexander polynomial
t11055,8,Knot is fibered and thus 3-genus follows from Alexander polynomial
t11139,6,Knot is fibered and thus 3-genus follows from Alexander polynomial
t11198,26,Knot is fibered and thus 3-genus follows from Alexander polynomial
t11248,3,Knot is fibered and thus 3-genus follows from Alexander polynomial
t11291,2,Knot is fibered and thus 3-genus follows from Alexander polynomial
t11292,5,Knot Floer homology computation
t11333,14,Knot is fibered and thus 3-genus follows from Alexander polynomial
t11376,20,Knot is fibered and thus 3-genus follows from Alexander polynomial
t11402,3,Knot is fibered and thus 3-genus follows from Alexander polynomial
t11418,4,Knot is fibered and thus 3-genus follows from Alexander polynomial
t11441,2,Knot is fibered and thus 3-genus follows from Alexander polynomial
t11460,13,Knot is fibered and thus 3-genus follows from Alexander polynomial
t11462,3,Knot is fibered and thus 3-genus follows from Alexander polynomial
t11489,4,Knot is fibered and thus 3-genus follows from Alexander polynomial
t11497,4,Knot is fibered and thus 3-genus follows from Alexander polynomial
t11532,3,Knot is fibered and thus 3-genus follows from Alexander polynomial
t11548,25,Knot is fibered and thus 3-genus follows from Alexander polynomial
t11556,25,Knot is fibered and thus 3-genus follows from Alexander polynomial
t11558,14,Knot is fibered and thus 3-genus follows from Alexander polynomial
t11577,1,Knot Floer homology computation
t11618,6,Knot is fibered and thus 3-genus follows from Alexander polynomial
t11675,3,Knot Floer homology computation
t11748,2,Knot Floer homology computation
t11751,3,Knot Floer homology computation
t11752,4,Knot Floer homology computation
t11795,5,Knot is fibered and thus 3-genus follows from Alexander polynomial
t11798,4,Knot Floer homology computation
t11799,3,Knot Floer homology computation
t11814,2,Knot is fibered and thus 3-genus follows from Alexander polynomial
t11852,32,Knot is fibered and thus 3-genus follows from Alexander polynomial
t11887,25,Knot is fibered and thus 3-genus follows from Alexander polynomial
t11888,7,Knot is fibered and thus 3-genus follows from Alexander polynomial
t11898,1,Knot Floer homology computation
t11900,4,Knot is fibered and thus 3-genus follows from Alexander polynomial
t11909,20,Knot is fibered and thus 3-genus follows from Alexander polynomial
t12120,3,Knot is fibered and thus 3-genus follows from Alexander polynomial
t12154,6,Knot is fibered and thus 3-genus follows from Alexander polynomial
t12180,4,Knot is fibered and thus 3-genus follows from Alexander polynomial
t12198,6,Knot is fibered and thus 3-genus follows from Alexander polynomial
t12199,7,Knot is fibered and thus 3-genus follows from Alexander polynomial
t12200,3,Knot is fibered and thus 3-genus follows from Alexander polynomial
t12229,12,Knot is fibered and thus 3-genus follows from Alexander polynomial
t12247,5,Knot is fibered and thus 3-genus follows from Alexander polynomial
t12270,2,Knot is fibered and thus 3-genus follows from Alexander polynomial
t12271,2,Knot is fibered and thus 3-genus follows from Alexander polynomial
t12288,38,Knot is fibered and thus 3-genus follows from Alexander polynomial
t12308,5,Knot is fibered and thus 3-genus follows from Alexander polynomial
t12344,4,Knot is fibered and thus 3-genus follows from Alexander polynomial
t12350,4,Knot is fibered and thus 3-genus follows from Alexander polynomial
t12376,5,Knot is fibered and thus 3-genus follows from Alexander polynomial
t12388,3,Knot is fibered and thus 3-genus follows from Alexander polynomial
t12395,2,Knot Floer homology computation
t12456,13,Knot is fibered and thus 3-genus follows from Alexander polynomial
t12533,12,Knot is fibered and thus 3-genus follows from Alexander polynomial
t12587,3,Knot is fibered and thus 3-genus follows from Alexander polynomial
t12607,2,Knot is fibered and thus 3-genus follows from Alexander polynomial
t12630,3,Knot is fibered and thus 3-genus follows from Alexander polynomial
t12656,2,Knot is fibered and thus 3-genus follows from Alexander polynomial
t12679,6,Knot is fibered and thus 3-genus follows from Alexander polynomial
t12681,22,Knot is fibered and thus 3-genus follows from Alexander polynomial
t12748,2,Knot is fibered and thus 3-genus follows from Alexander polynomial
t12753,37,Knot is fibered and thus 3-genus follows from Alexander polynomial
t12755,8,Knot is fibered and thus 3-genus follows from Alexander polynomial
t12756,5,Knot is fibered and thus 3-genus follows from Alexander polynomial
t12757,4,Knot is fibered and thus 3-genus follows from Alexander polynomial
o9_00017,1,Knot Floer homology computation
o9_00022,1,Knot Floer homology computation
o9_00133,51,Knot is fibered and thus 3-genus follows from Alexander polynomial
o9_00168,55,Knot is fibered and thus 3-genus follows from Alexander polynomial
o9_00644,23,Knot is fibered and thus 3-genus follows from Alexander polynomial
o9_00797,89,Knot is fibered and thus 3-genus follows from Alexander polynomial
o9_00815,94,Knot is fibered and thus 3-genus follows from Alexander polynomial
o9_01024,6,Knot is fibered and thus 3-genus follows from Alexander polynomial
o9_01035,6,Knot is fibered and thus 3-genus follows from Alexander polynomial
o9_01079,46,Knot is fibered and thus 3-genus follows from Alexander polynomial
o9_01175,54,Knot is fibered and thus 3-genus follows from Alexander polynomial
o9_01436,65,Knot is fibered and thus 3-genus follows from Alexander polynomial
o9_01496,76,Knot is fibered and thus 3-genus follows from Alexander polynomial
o9_01584,92,Knot is fibered and thus 3-genus follows from Alexander polynomial
o9_01621,97,Knot is fibered and thus 3-genus follows from Alexander polynomial
o9_01680,89,Knot is fibered and thus 3-genus follows from Alexander polynomial
o9_01765,100,Knot is fibered and thus 3-genus follows from Alexander polynomial
o9_01936,22,Knot is fibered and thus 3-genus follows from Alexander polynomial
o9_01953,53,Knot is fibered and thus 3-genus follows from Alexander polynomial
o9_01955,53,Knot is fibered and thus 3-genus follows from Alexander polynomial
o9_02030,5,Knot is fibered and thus 3-genus follows from Alexander polynomial
o9_02163,5,Knot is fibered and thus 3-genus follows from Alexander polynomial
o9_02255,98,Knot is fibered and thus 3-genus follows from Alexander polynomial
o9_02340,102,Knot is fibered and thus 3-genus follows from Alexander polynomial
o9_02350,118,Knot is fibered and thus 3-genus follows from Alexander polynomial
o9_02383,35,Knot is fibered and thus 3-genus follows from Alexander polynomial
o9_02386,114,Knot is fibered and thus 3-genus follows from Alexander polynomial
o9_02471,10,Knot is fibered and thus 3-genus follows from Alexander polynomial
o9_02559,11,Knot is fibered and thus 3-genus follows from Alexander polynomial
o9_02655,83,Knot is fibered and thus 3-genus follows from Alexander polynomial
o9_02696,89,Knot is fibered and thus 3-genus follows from Alexander polynomial
o9_02706,118,Knot is fibered and thus 3-genus follows from Alexander polynomial
o9_02735,126,Knot is fibered and thus 3-genus follows from Alexander polynomial
o9_02772,39,Knot is fibered and thus 3-genus follows from Alexander polynomial
o9_02786,35,Knot is fibered and thus 3-genus follows from Alexander polynomial
o9_02794,40,Knot is fibered and thus 3-genus follows from Alexander polynomial
o9_02873,7,Knot is fibered and thus 3-genus follows from Alexander polynomial
o9_02909,20,Knot is fibered and thus 3-genus follows from Alexander polynomial
o9_03032,61,Knot is fibered and thus 3-genus follows from Alexander polynomial
o9_03108,41,Knot is fibered and thus 3-genus follows from Alexander polynomial
o9_03118,128,Knot is fibered and thus 3-genus follows from Alexander polynomial
o9_03133,66,Knot is fibered and thus 3-genus follows from Alexander polynomial
o9_03149,137,Knot is fibered and thus 3-genus follows from Alexander polynomial
o9_03162,126,Knot is fibered and thus 3-genus follows from Alexander polynomial
o9_03188,139,Knot is fibered and thus 3-genus follows from Alexander polynomial
o9_03278,7,Knot is fibered and thus 3-genus follows from Alexander polynomial
o9_03288,67,Knot is fibered and thus 3-genus follows from Alexander polynomial
o9_03313,89,Knot is fibered and thus 3-genus follows from Alexander polynomial
o9_03412,88,Knot is fibered and thus 3-genus follows from Alexander polynomial
o9_03420,10,Knot is fibered and thus 3-genus follows from Alexander polynomial
o9_03526,35,Knot is fibered and thus 3-genus follows from Alexander polynomial
o9_03586,67,Knot is fibered and thus 3-genus follows from Alexander polynomial
o9_03597,7,Knot is fibered and thus 3-genus follows from Alexander polynomial
o9_03622,74,Knot is fibered and thus 3-genus follows from Alexander polynomial
o9_03802,64,Knot is fibered and thus 3-genus follows from Alexander polynomial
o9_03833,59,Knot is fibered and thus 3-genus follows from Alexander polynomial
o9_03862,8,Knot is fibered and thus 3-genus follows from Alexander polynomial
o9_03932,56,Knot is fibered and thus 3-genus follows from Alexander polynomial
o9_04037,5,Knot is fibered and thus 3-genus follows from Alexander polynomial
o9_04054,29,Knot is fibered and thus 3-genus follows from Alexander polynomial
o9_04060,39,Knot is fibered and thus 3-genus follows from Alexander polynomial
o9_04106,89,Knot is fibered and thus 3-genus follows from Alexander polynomial
o9_04139,6,Knot is fibered and thus 3-genus follows from Alexander polynomial
o9_04205,98,Knot is fibered and thus 3-genus follows from Alexander polynomial
o9_04245,101,Knot is fibered and thus 3-genus follows from Alexander polynomial
o9_04269,47,Knot is fibered and thus 3-genus follows from Alexander polynomial
o9_04313,105,Knot is fibered and thus 3-genus follows from Alexander polynomial
o9_04431,117,Knot is fibered and thus 3-genus follows from Alexander polynomial
o9_04435,68,Knot is fibered and thus 3-genus follows from Alexander polynomial
o9_04438,121,Knot is fibered and thus 3-genus follows from Alexander polynomial
o9_04938,41,Knot is fibered and thus 3-genus follows from Alexander polynomial
o9_04950,5,Knot is fibered and thus 3-genus follows from Alexander polynomial
o9_05021,90,Knot is fibered and thus 3-genus follows from Alexander polynomial
o9_05028,6,Knot is fibered and thus 3-genus follows from Alexander polynomial
o9_05177,99,Knot is fibered and thus 3-genus follows from Alexander polynomial
o9_05229,87,Knot is fibered and thus 3-genus follows from Alexander polynomial
o9_05286,6,Knot is fibered and thus 3-genus follows from Alexander polynomial
o9_05287,10,Knot is fibered and thus 3-genus follows from Alexander polynomial
o9_05357,91,Knot is fibered and thus 3-genus follows from Alexander polynomial
o9_05426,91,Knot is fibered and thus 3-genus follows from Alexander polynomial
o9_05483,92,Knot is fibered and thus 3-genus follows from Alexander polynomial
o9_05562,103,Knot is fibered and thus 3-genus follows from Alexander polynomial
o9_05564,10,Knot is fibered and thus 3-genus follows from Alexander polynomial
o9_05618,100,Knot is fibered and thus 3-genus follows from Alexander polynomial
o9_05624,11,Knot is fibered and thus 3-genus follows from Alexander polynomial
o9_05860,100,Knot is fibered and thus 3-genus follows from Alexander polynomial
o9_05970,119,Knot is fibered and thus 3-genus follows from Alexander polynomial
o9_06060,85,Knot is fibered and thus 3-genus follows from Alexander polynomial
o9_06128,116,Knot is fibered and thus 3-genus follows from Alexander polynomial
o9_06154,87,Knot is fibered and thus 3-genus follows from Alexander polynomial
o9_06248,124,Knot is fibered and thus 3-genus follows from Alexander polynomial
o9_06301,141,Knot is fibered and thus 3-genus follows from Alexander polynomial
o9_06369,6,Knot is fibered and thus 3-genus follows from Alexander polynomial
o9_06393,6,Knot Floer homology computation
o9_06956,42,Knot is fibered and thus 3-genus follows from Alexander polynomial
o9_07044,58,Knot is fibered and thus 3-genus follows from Alexander polynomial
o9_07152,60,Knot is fibered and thus 3-genus follows from Alexander polynomial
o9_07167,30,Knot is fibered and thus 3-genus follows from Alexander polynomial
o9_07195,66,Knot is fibered and thus 3-genus follows from Alexander polynomial
o9_07401,47,Knot is fibered and thus 3-genus follows from Alexander polynomial
o9_07674,8,Knot is fibered and thus 3-genus follows from Alexander polynomial
o9_07761,9,Knot is fibered and thus 3-genus follows from Alexander polynomial
o9_07790,63,Knot is fibered and thus 3-genus follows from Alexander polynomial
o9_07893,86,Knot is fibered and thus 3-genus follows from Alexander polynomial
o9_07943,66,Knot is fibered and thus 3-genus follows from Alexander polynomial
o9_07945,101,Knot is fibered and thus 3-genus follows from Alexander polynomial
o9_08006,92,Knot is fibered and thus 3-genus follows from Alexander polynomial
o9_08042,75,Knot is fibered and thus 3-genus follows from Alexander polynomial
o9_08160,13,Knot is fibered and thus 3-genus follows from Alexander polynomial
o9_08179,13,Knot is fibered and thus 3-genus follows from Alexander polynomial
o9_08224,67,Knot is fibered and thus 3-genus follows from Alexander polynomial
o9_08268,15,Knot is fibered and thus 3-genus follows from Alexander polynomial
o9_08280,15,Knot is fibered and thus 3-genus follows from Alexander polynomial
o9_08302,74,Knot is fibered and thus 3-genus follows from Alexander polynomial
o9_08402,33,Knot is fibered and thus 3-genus follows from Alexander polynomial
o9_08477,36,Knot is fibered and thus 3-genus follows from Alexander polynomial
o9_08497,31,Knot is fibered and thus 3-genus follows from Alexander polynomial
o9_08647,119,Knot is fibered and thus 3-genus follows from Alexander polynomial
o9_08765,70,Knot is fibered and thus 3-genus follows from Alexander polynomial
o9_08767,10,Knot is fibered and thus 3-genus follows from Alexander polynomial
o9_08771,141,Knot is fibered and thus 3-genus follows from Alexander polynomial
o9_08776,120,Knot is fibered and thus 3-genus follows from Alexander polynomial
o9_08828,104,Knot is fibered and thus 3-genus follows from Alexander polynomial
o9_08831,71,Knot is fibered and thus 3-genus follows from Alexander polynomial
o9_08852,140,Knot is fibered and thus 3-genus follows from Alexander polynomial
o9_08875,118,Knot is fibered and thus 3-genus follows from Alexander polynomial
o9_09052,28,Knot is fibered and thus 3-genus follows from Alexander polynomial
o9_09213,58,Knot is fibered and thus 3-genus follows from Alexander polynomial
o9_09214,2,Knot Floer homology computation
o9_09271,33,Knot is fibered and thus 3-genus follows from Alexander polynomial
o9_09372,57,Knot is fibered and thus 3-genus follows from Alexander polynomial
o9_09408,6,Knot is fibered and thus 3-genus follows from Alexander polynomial
o9_09465,94,Knot is fibered and thus 3-genus follows from Alexander polynomial
o9_09486,9,Knot is fibered and thus 3-genus follows from Alexander polynomial
o9_09530,4,Knot is fibered and thus 3-genus follows from Alexander polynomial
o9_09648,13,Knot is fibered and thus 3-genus follows from Alexander polynomial
o9_09731,26,Knot is fibered and thus 3-genus follows from Alexander polynomial
o9_09808,128,Knot is fibered and thus 3-genus follows from Alexander polynomial
o9_10020,18,Knot is fibered and thus 3-genus follows from Alexander polynomial
o9_10192,51,Knot is fibered and thus 3-genus follows from Alexander polynomial
o9_10213,38,Knot is fibered and thus 3-genus follows from Alexander polynomial
o9_10288,6,Knot is fibered and thus 3-genus follows from Alexander polynomial
o9_10598,16,Knot is fibered and thus 3-genus follows from Alexander polynomial
o9_10654,1,Knot Floer homology computation
o9_10696,42,Knot is fibered and thus 3-genus follows from Alexander polynomial
o9_10817,1,Knot Floer homology computation
o9_11002,44,Knot is fibered and thus 3-genus follows from Alexander polynomial
o9_11100,49,Knot is fibered and thus 3-genus follows from Alexander polynomial
o9_11161,9,Knot is fibered and thus 3-genus follows from Alexander polynomial
o9_11248,73,Knot is fibered and thus 3-genus follows from Alexander polynomial
o9_11270,11,Knot is fibered and thus 3-genus follows from Alexander polynomial
o9_11288,13,Knot is fibered and thus 3-genus follows from Alexander polynomial
o9_11413,11,Knot is fibered and thus 3-genus follows from Alexander polynomial
o9_11467,126,Knot is fibered and thus 3-genus follows from Alexander polynomial
o9_11490,16,Knot is fibered and thus 3-genus follows from Alexander polynomial
o9_11537,51,Knot is fibered and thus 3-genus follows from Alexander polynomial
o9_11541,21,Knot is fibered and thus 3-genus follows from Alexander polynomial
o9_11556,51,Knot is fibered and thus 3-genus follows from Alexander polynomial
o9_11560,139,Knot is fibered and thus 3-genus follows from Alexander polynomial
o9_11570,67,Knot is fibered and thus 3-genus follows from Alexander polynomial
o9_11577,10,Knot is fibered and thus 3-genus follows from Alexander polynomial
o9_11658,49,Knot is fibered and thus 3-genus follows from Alexander polynomial
o9_11685,56,Knot is fibered and thus 3-genus follows from Alexander polynomial
o9_11795,52,Knot is fibered and thus 3-genus follows from Alexander polynomial
o9_11845,53,Knot is fibered and thus 3-genus follows from Alexander polynomial
o9_11999,111,Knot is fibered and thus 3-genus follows from Alexander polynomial
o9_12079,69,Knot is fibered and thus 3-genus follows from Alexander polynomial
o9_12144,90,Knot is fibered and thus 3-genus follows from Alexander polynomial
o9_12230,100,Knot is fibered and thus 3-genus follows from Alexander polynomial
o9_12253,34,Knot is fibered and thus 3-genus follows from Alexander polynomial
o9_12412,70,Knot is fibered and thus 3-genus follows from Alexander polynomial
o9_12414,6,Knot is fibered and thus 3-genus follows from Alexander polynomial
o9_12459,61,Knot is fibered and thus 3-genus follows from Alexander polynomial
o9_12477,58,Knot is fibered and thus 3-genus follows from Alexander polynomial
o9_12519,50,Knot is fibered and thus 3-genus follows from Alexander polynomial
o9_12693,42,Knot is fibered and thus 3-genus follows from Alexander polynomial
o9_12736,76,Knot is fibered and thus 3-genus follows from Alexander polynomial
o9_12757,56,Knot is fibered and thus 3-genus follows from Alexander polynomial
o9_12773,2,Knot Floer homology computation
o9_12797,15,Knot is fibered and thus 3-genus follows from Alexander polynomial
o9_12873,115,Knot is fibered and thus 3-genus follows from Alexander polynomial
o9_12892,72,Knot is fibered and thus 3-genus follows from Alexander polynomial
o9_12919,72,Knot is fibered and thus 3-genus follows from Alexander polynomial
o9_12971,61,Knot is fibered and thus 3-genus follows from Alexander polynomial
o9_13052,72,Knot is fibered and thus 3-genus follows from Alexander polynomial
o9_13054,40,Knot is fibered and thus 3-genus follows from Alexander polynomial
o9_13056,95,Knot is fibered and thus 3-genus follows from Alexander polynomial
o9_13125,75,Knot is fibered and thus 3-genus follows from Alexander polynomial
o9_13126,15,Knot is fibered and thus 3-genus follows from Alexander polynomial
o9_13136,2,Knot Floer homology computation
o9_13141,1,Knot Floer homology computation
o9_13182,58,Knot is fibered and thus 3-genus follows from Alexander polynomial
o9_13188,69,Knot is fibered and thus 3-genus follows from Alexander polynomial
o9_13240,9,Knot is fibered and thus 3-genus follows from Alexander polynomial
o9_13273,1,Knot Floer homology computation
o9_13342,8,Knot is fibered and thus 3-genus follows from Alexander polynomial
o9_13400,80,Knot is fibered and thus 3-genus follows from Alexander polynomial
o9_13403,83,Knot is fibered and thus 3-genus follows from Alexander polynomial
o9_13433,90,Knot is fibered and thus 3-genus follows from Alexander polynomial
o9_13508,102,Knot is fibered and thus 3-genus follows from Alexander polynomial
o9_13537,83,Knot is fibered and thus 3-genus follows from Alexander polynomial
o9_13604,72,Knot is fibered and thus 3-genus follows from Alexander polynomial
o9_13638,2,Knot Floer homology computation
o9_13639,75,Knot is fibered and thus 3-genus follows from Alexander polynomial
o9_13649,68,Knot is fibered and thus 3-genus follows from Alexander polynomial
o9_13666,82,Knot is fibered and thus 3-genus follows from Alexander polynomial
o9_13720,105,Knot is fibered and thus 3-genus follows from Alexander polynomial
o9_13732,2,Knot Floer homology computation
o9_13952,100,Knot is fibered and thus 3-genus follows from Alexander polynomial
o9_14018,120,Knot is fibered and thus 3-genus follows from Alexander polynomial
o9_14079,98,Knot is fibered and thus 3-genus follows from Alexander polynomial
o9_14108,45,Knot is fibered and thus 3-genus follows from Alexander polynomial
o9_14136,58,Knot is fibered and thus 3-genus follows from Alexander polynomial
o9_14359,62,Knot is fibered and thus 3-genus follows from Alexander polynomial
o9_14364,59,Knot is fibered and thus 3-genus follows from Alexander polynomial
o9_14376,111,Knot is fibered and thus 3-genus follows from Alexander polynomial
o9_14495,74,Knot is fibered and thus 3-genus follows from Alexander polynomial
o9_14599,111,Knot is fibered and thus 3-genus follows from Alexander polynomial
o9_14716,81,Knot is fibered and thus 3-genus follows from Alexander polynomial
o9_14831,32,Knot is fibered and thus 3-genus follows from Alexander polynomial
o9_14974,88,Knot is fibered and thus 3-genus follows from Alexander polynomial
o9_15506,87,Knot is fibered and thus 3-genus follows from Alexander polynomial
o9_15633,97,Knot is fibered and thus 3-genus follows from Alexander polynomial
o9_15808,27,Knot is fibered and thus 3-genus follows from Alexander polynomial
o9_15997,124,Knot is fibered and thus 3-genus follows from Alexander polynomial
o9_16033,10,Knot is fibered and thus 3-genus follows from Alexander polynomial
o9_16065,145,Knot is fibered and thus 3-genus follows from Alexander polynomial
o9_16141,132,Knot is fibered and thus 3-genus follows from Alexander polynomial
o9_16157,122,Knot is fibered and thus 3-genus follows from Alexander polynomial
o9_16181,122,Knot is fibered and thus 3-genus follows from Alexander polynomial
o9_16248,4,Knot is fibered and thus 3-genus follows from Alexander polynomial
o9_16319,122,Knot is fibered and thus 3-genus follows from Alexander polynomial
o9_16356,93,Knot is fibered and thus 3-genus follows from Alexander polynomial
o9_16431,64,Knot is fibered and thus 3-genus follows from Alexander polynomial
o9_16514,30,Knot is fibered and thus 3-genus follows from Alexander polynomial
o9_16527,96,Knot is fibered and thus 3-genus follows from Alexander polynomial
o9_16642,133,Knot is fibered and thus 3-genus follows from Alexander polynomial
o9_16685,12,Knot is fibered and thus 3-genus follows from Alexander polynomial
o9_16748,77,Knot is fibered and thus 3-genus follows from Alexander polynomial
o9_16874,5,Knot is fibered and thus 3-genus follows from Alexander polynomial
o9_16920,45,Knot is fibered and thus 3-genus follows from Alexander polynomial
o9_16941,10,Knot is fibered and thus 3-genus follows from Alexander polynomial
o9_16959,13,Knot is fibered and thus 3-genus follows from Alexander polynomial
o9_16991,10,Knot Floer homology computation
o9_17382,55,Knot is fibered and thus 3-genus follows from Alexander polynomial
o9_17388,2,Knot Floer homology computation
o9_17450,77,Knot is fibered and thus 3-genus follows from Alexander polynomial
o9_17646,20,Knot is fibered and thus 3-genus follows from Alexander polynomial
o9_18007,66,Knot is fibered and thus 3-genus follows from Alexander polynomial
o9_18054,2,Knot Floer homology computation
o9_18181,9,Knot is fibered and thus 3-genus follows from Alexander polynomial
o9_18209,75,Knot is fibered and thus 3-genus follows from Alexander polynomial
o9_18341,16,Knot is fibered and thus 3-genus follows from Alexander polynomial
o9_18633,78,Knot is fibered and thus 3-genus follows from Alexander polynomial
o9_18646,26,Knot is fibered and thus 3-genus follows from Alexander polynomial
o9_18772,4,Knot is fibered and thus 3-genus follows from Alexander polynomial
o9_18813,58,Knot is fibered and thus 3-genus follows from Alexander polynomial
o9_18905,5,Knot Floer homology computation
o9_18931,5,Knot is fibered and thus 3-genus follows from Alexander polynomial
o9_18946,5,Knot Floer homology computation
o9_19031,3,Knot is fibered and thus 3-genus follows from Alexander polynomial
o9_19130,48,Knot is fibered and thus 3-genus follows from Alexander polynomial
o9_19200,5,Knot is fibered and thus 3-genus follows from Alexander polynomial
o9_19247,46,Knot is fibered and thus 3-genus follows from Alexander polynomial
o9_19326,1,Knot Floer homology computation
o9_19364,14,Knot is fibered and thus 3-genus follows from Alexander polynomial
o9_19396,19,Knot is fibered and thus 3-genus follows from Alexander polynomial
o9_19645,45,Knot is fibered and thus 3-genus follows from Alexander polynomial
o9_19660,10,Knot is fibered and thus 3-genus follows from Alexander polynomial
o9_19721,13,Knot is fibered and thus 3-genus follows from Alexander polynomial
o9_19724,58,Knot is fibered and thus 3-genus follows from Alexander polynomial
o9_19831,1,Knot Floer homology computation
o9_20029,68,Knot is fibered and thus 3-genus follows from Alexander polynomial
o9_20180,4,Knot is fibered and thus 3-genus follows from Alexander polynomial
o9_20219,80,Knot is fibered and thus 3-genus follows from Alexander polynomial
o9_20305,31,Knot is fibered and thus 3-genus follows from Alexander polynomial
o9_20364,54,Knot is fibered and thus 3-genus follows from Alexander polynomial
o9_20397,1,Knot Floer homology computation
o9_20458,1,Knot Floer homology computation
o9_20472,55,Knot is fibered and thus 3-genus follows from Alexander polynomial
o9_20617,7,Knot is fibered and thus 3-genus follows from Alexander polynomial
o9_20656,7,Knot is fibered and thus 3-genus follows from Alexander polynomial
o9_20894,2,Knot is fibered and thus 3-genus follows from Alexander polynomial
o9_20956,8,Knot is fibered and thus 3-genus follows from Alexander polynomial
o9_21066,3,Knot Floer homology computation
o9_21103,7,Knot is fibered and thus 3-genus follows from Alexander polynomial
o9_21116,3,Knot Floer homology computation
o9_21195,55,Knot is fibered and thus 3-genus follows from Alexander polynomial
o9_21236,13,Knot is fibered and thus 3-genus follows from Alexander polynomial
o9_21496,29,Knot is fibered and thus 3-genus follows from Alexander polynomial
o9_21513,55,Knot is fibered and thus 3-genus follows from Alexander polynomial
o9_21545,6,Knot Floer homology computation
o9_21620,51,Knot is fibered and thus 3-genus follows from Alexander polynomial
o9_21697,15,Knot is fibered and thus 3-genus follows from Alexander polynomial
o9_21704,33,Knot is fibered and thus 3-genus follows from Alexander polynomial
o9_21722,9,Knot Floer homology computation
o9_21786,8,Knot is fibered and thus 3-genus follows from Alexander polynomial
o9_21893,36,Knot is fibered and thus 3-genus follows from Alexander polynomial
o9_21905,6,Knot Floer homology computation
o9_21918,37,Knot is fibered and thus 3-genus follows from Alexander polynomial
o9_21927,4,Knot Floer homology computation
o9_21958,4,Knot Floer homology computation
o9_21992,6,Knot is fibered and thus 3-genus follows from Alexander polynomial
o9_22066,1,Knot Floer homology computation
o9_22100,37,Knot is fibered and thus 3-genus follows from Alexander polynomial
o9_22129,51,Knot is fibered and thus 3-genus follows from Alexander polynomial
o9_22148,20,Knot is fibered and thus 3-genus follows from Alexander polynomial
o9_22182,3,Knot is fibered and thus 3-genus follows from Alexander polynomial
o9_22199,3,Knot is fibered and thus 3-genus follows from Alexander polynomial
o9_22252,71,Knot is fibered and thus 3-genus follows from Alexander polynomial
o9_22266,19,Knot is fibered and thus 3-genus follows from Alexander polynomial
o9_22337,3,Knot is fibered and thus 3-genus follows from Alexander polynomial
o9_22477,38,Knot is fibered and thus 3-genus follows from Alexander polynomial
o9_22550,7,Knot is fibered and thus 3-genus follows from Alexander polynomial
o9_22607,46,Knot is fibered and thus 3-genus follows from Alexander polynomial
o9_22663,58,Knot is fibered and thus 3-genus follows from Alexander polynomial
o9_22698,80,Knot is fibered and thus 3-genus follows from Alexander polynomial
o9_22790,7,Knot is fibered and thus 3-genus follows from Alexander polynomial
o9_22883,8,Knot is fibered and thus 3-genus follows from Alexander polynomial
o9_22925,48,Knot is fibered and thus 3-genus follows from Alexander polynomial
o9_22951,3,Knot is fibered and thus 3-genus follows from Alexander polynomial
o9_23023,92,Knot is fibered and thus 3-genus follows from Alexander polynomial
o9_23032,21,Knot is fibered and thus 3-genus follows from Alexander polynomial
o9_23069,7,Knot Floer homology computation
o9_23094,1,Knot Floer homology computation
o9_23147,4,Knot is fibered and thus 3-genus follows from Alexander polynomial
o9_23178,6,Knot is fibered and thus 3-genus follows from Alexander polynomial
o9_23179,39,Knot is fibered and thus 3-genus follows from Alexander polynomial
o9_23263,73,Knot is fibered and thus 3-genus follows from Alexander polynomial
o9_23461,42,Knot is fibered and thus 3-genus follows from Alexander polynomial
o9_23571,10,Knot is fibered and thus 3-genus follows from Alexander polynomial
o9_23646,12,Knot is fibered and thus 3-genus follows from Alexander polynomial
o9_23660,82,Knot is fibered and thus 3-genus follows from Alexander polynomial
o9_23723,52,Knot is fibered and thus 3-genus follows from Alexander polynomial
o9_23786,4,Knot is fibered and thus 3-genus follows from Alexander polynomial
o9_23955,69,Knot is fibered and thus 3-genus follows from Alexander polynomial
o9_23961,75,Knot is fibered and thus 3-genus follows from Alexander polynomial
o9_23971,30,Knot is fibered and thus 3-genus follows from Alexander polynomial
o9_23977,73,Knot is fibered and thus 3-genus follows from Alexander polynomial
o9_24030,9,Knot is fibered and thus 3-genus follows from Alexander polynomial
o9_24047,14,Knot is fibered and thus 3-genus follows from Alexander polynomial
o9_24069,57,Knot is fibered and thus 3-genus follows from Alexander polynomial
o9_24126,68,Knot is fibered and thus 3-genus follows from Alexander polynomial
o9_24149,72,Knot is fibered and thus 3-genus follows from Alexander polynomial
o9_24183,133,Knot is fibered and thus 3-genus follows from Alexander polynomial
o9_24290,24,Knot is fibered and thus 3-genus follows from Alexander polynomial
o9_24293,1,Knot Floer homology computation
o9_24401,19,Knot is fibered and thus 3-genus follows from Alexander polynomial
o9_24407,47,Knot is fibered and thus 3-genus follows from Alexander polynomial
o9_24510,27,Knot is fibered and thus 3-genus follows from Alexander polynomial
o9_24518,15,Knot is fibered and thus 3-genus follows from Alexander polynomial
o9_24534,54,Knot is fibered and thus 3-genus follows from Alexander polynomial
o9_24592,39,Knot is fibered and thus 3-genus follows from Alexander polynomial
o9_24667,3,Knot Floer homology computation
o9_24670,1,Knot Floer homology computation
o9_24779,39,Knot is fibered and thus 3-genus follows from Alexander polynomial
o9_24886,127,Knot is fibered and thus 3-genus follows from Alexander polynomial
o9_24889,99,Knot is fibered and thus 3-genus follows from Alexander polynomial
o9_24946,22,Knot is fibered and thus 3-genus follows from Alexander polynomial
o9_25096,3,Knot Floer homology computation
o9_25106,8,Knot is fibered and thus 3-genus follows from Alexander polynomial
o9_25110,41,Knot is fibered and thus 3-genus follows from Alexander polynomial
o9_25199,25,Knot is fibered and thus 3-genus follows from Alexander polynomial
o9_25283,5,Knot is fibered and thus 3-genus follows from Alexander polynomial
o9_25341,24,Knot is fibered and thus 3-genus follows from Alexander polynomial
o9_25345,16,Knot is fibered and thus 3-genus follows from Alexander polynomial
o9_25444,27,Knot is fibered and thus 3-genus follows from Alexander polynomial
o9_25595,57,Knot is fibered and thus 3-genus follows from Alexander polynomial
o9_25709,13,Knot is fibered and thus 3-genus follows from Alexander polynomial
o9_25832,27,Knot is fibered and thus 3-genus follows from Alexander polynomial
o9_25878,10,Knot is fibered and thus 3-genus follows from Alexander polynomial
o9_26120,13,Knot is fibered and thus 3-genus follows from Alexander polynomial
o9_26141,51,Knot is fibered and thus 3-genus follows from Alexander polynomial
o9_26170,8,Knot is fibered and thus 3-genus follows from Alexander polynomial
o9_26471,24,Knot is fibered and thus 3-genus follows from Alexander polynomial
o9_26570,36,Knot is fibered and thus 3-genus follows from Alexander polynomial
o9_26604,59,Knot is fibered and thus 3-genus follows from Alexander polynomial
o9_26767,15,Knot is fibered and thus 3-genus follows from Alexander polynomial
o9_26774,3,Knot Floer homology computation
o9_26791,74,Knot is fibered and thus 3-genus follows from Alexander polynomial
o9_26913,10,Knot is fibered and thus 3-genus follows from Alexander polynomial
o9_27046,28,Knot is fibered and thus 3-genus follows from Alexander polynomial
o9_27079,3,Knot Floer homology computation
o9_27107,23,Knot is fibered and thus 3-genus follows from Alexander polynomial
o9_27155,69,Knot is fibered and thus 3-genus follows from Alexander polynomial
o9_27165,3,Knot Floer homology computation
o9_27215,4,Knot is fibered and thus 3-genus follows from Alexander polynomial
o9_27243,11,Knot is fibered and thus 3-genus follows from Alexander polynomial
o9_27261,84,Knot is fibered and thus 3-genus follows from Alexander polynomial
o9_27286,6,Knot is fibered and thus 3-genus follows from Alexander polynomial
o9_27371,56,Knot is fibered and thus 3-genus follows from Alexander polynomial
o9_27392,84,Knot is fibered and thus 3-genus follows from Alexander polynomial
o9_27429,64,Knot is fibered and thus 3-genus follows from Alexander polynomial
o9_27480,67,Knot is fibered and thus 3-genus follows from Alexander polynomial
o9_27542,2,Knot Floer homology computation
o9_27737,69,Knot is fibered and thus 3-genus follows from Alexander polynomial
o9_27767,65,Knot is fibered and thus 3-genus follows from Alexander polynomial
o9_27889,17,Knot is fibered and thus 3-genus follows from Alexander polynomial
o9_27893,8,Knot is fibered and thus 3-genus follows from Alexander polynomial
o9_28070,13,Knot is fibered and thus 3-genus follows from Alexander polynomial
o9_28113,74,Knot is fibered and thus 3-genus follows from Alexander polynomial
o9_28149,11,Knot is fibered and thus 3-genus follows from Alexander polynomial
o9_28153,84,Knot is fibered and thus 3-genus follows from Alexander polynomial
o9_28207,4,Knot is fibered and thus 3-genus follows from Alexander polynomial
o9_28230,9,Knot is fibered and thus 3-genus follows from Alexander polynomial
o9_28284,44,Knot is fibered and thus 3-genus follows from Alexander polynomial
o9_28354,9,Knot is fibered and thus 3-genus follows from Alexander polynomial
o9_28529,108,Knot is fibered and thus 3-genus follows from Alexander polynomial
o9_28592,86,Knot is fibered and thus 3-genus follows from Alexander polynomial
o9_28622,13,Knot is fibered and thus 3-genus follows from Alexander polynomial
o9_28746,81,Knot is fibered and thus 3-genus follows from Alexander polynomial
o9_28751,51,Knot is fibered and thus 3-genus follows from Alexander polynomial
o9_28810,88,Knot is fibered and thus 3-genus follows from Alexander polynomial
o9_28874,4,Knot is fibered and thus 3-genus follows from Alexander polynomial
o9_28929,4,Knot is fibered and thus 3-genus follows from Alexander polynomial
o9_29048,17,Knot is fibered and thus 3-genus follows from Alexander polynomial
o9_29141,5,Knot is fibered and thus 3-genus follows from Alexander polynomial
o9_29246,105,Knot is fibered and thus 3-genus follows from Alexander polynomial
o9_29278,22,Knot is fibered and thus 3-genus follows from Alexander polynomial
o9_29367,11,Knot is fibered and thus 3-genus follows from Alexander polynomial
o9_29436,107,Knot is fibered and thus 3-genus follows from Alexander polynomial
o9_29484,24,Knot is fibered and thus 3-genus follows from Alexander polynomial
o9_29529,63,Knot is fibered and thus 3-genus follows from Alexander polynomial
o9_29551,49,Knot is fibered and thus 3-genus follows from Alexander polynomial
o9_29648,44,Knot is fibered and thus 3-genus follows from Alexander polynomial
o9_29662,5,Knot is fibered and thus 3-genus follows from Alexander polynomial
o9_29669,4,Knot is fibered and thus 3-genus follows from Alexander polynomial
o9_29698,7,Knot is fibered and thus 3-genus follows from Alexander polynomial
o9_29751,27,Knot is fibered and thus 3-genus follows from Alexander polynomial
o9_29766,18,Knot is fibered and thus 3-genus follows from Alexander polynomial
o9_29799,14,Knot is fibered and thus 3-genus follows from Alexander polynomial
o9_29916,7,Knot is fibered and thus 3-genus follows from Alexander polynomial
o9_29972,4,Knot is fibered and thus 3-genus follows from Alexander polynomial
o9_29992,5,Knot is fibered and thus 3-genus follows from Alexander polynomial
o9_30018,4,Knot is fibered and thus 3-genus follows from Alexander polynomial
o9_30040,7,Knot Floer homology computation
o9_30087,5,Knot is fibered and thus 3-genus follows from Alexander polynomial
o9_30142,62,Knot is fibered and thus 3-genus follows from Alexander polynomial
o9_30147,6,Knot is fibered and thus 3-genus follows from Alexander polynomial
o9_30150,34,Knot is fibered and thus 3-genus follows from Alexander polynomial
o9_30281,16,Knot is fibered and thus 3-genus follows from Alexander polynomial
o9_30324,17,Knot is fibered and thus 3-genus follows from Alexander polynomial
o9_30375,86,Knot is fibered and thus 3-genus follows from Alexander polynomial
o9_30430,4,Knot is fibered and thus 3-genus follows from Alexander polynomial
o9_30499,6,Knot is fibered and thus 3-genus follows from Alexander polynomial
o9_30502,8,Knot is fibered and thus 3-genus follows from Alexander polynomial
o9_30542,3,Knot is fibered and thus 3-genus follows from Alexander polynomial
o9_30564,6,Knot is fibered and thus 3-genus follows from Alexander polynomial
o9_30634,6,Knot is fibered and thus 3-genus follows from Alexander polynomial
o9_30650,21,Knot is fibered and thus 3-genus follows from Alexander polynomial
o9_30696,4,Knot is fibered and thus 3-genus follows from Alexander polynomial
o9_30721,55,Knot is fibered and thus 3-genus follows from Alexander polynomial
o9_30790,114,Knot is fibered and thus 3-genus follows from Alexander polynomial
o9_30978,15,Knot is fibered and thus 3-genus follows from Alexander polynomial
o9_31036,5,Knot Floer homology computation
o9_31042,8,Knot is fibered and thus 3-genus follows from Alexander polynomial
o9_31165,88,Knot is fibered and thus 3-genus follows from Alexander polynomial
o9_31228,11,Knot is fibered and thus 3-genus follows from Alexander polynomial
o9_31267,34,Knot is fibered and thus 3-genus follows from Alexander polynomial
o9_31294,8,Knot is fibered and thus 3-genus follows from Alexander polynomial
o9_31310,11,Knot is fibered and thus 3-genus follows from Alexander polynomial
o9_31321,20,Knot is fibered and thus 3-genus follows from Alexander polynomial
o9_31430,9,Knot is fibered and thus 3-genus follows from Alexander polynomial
o9_31440,43,Knot is fibered and thus 3-genus follows from Alexander polynomial
o9_31472,6,Knot is fibered and thus 3-genus follows from Alexander polynomial
o9_31481,30,Knot is fibered and thus 3-genus follows from Alexander polynomial
o9_31692,20,Knot is fibered and thus 3-genus follows from Alexander polynomial
o9_31828,2,Knot Floer homology computation
o9_31868,4,Knot is fibered and thus 3-genus follows from Alexander polynomial
o9_31935,6,Knot is fibered and thus 3-genus follows from Alexander polynomial
o9_31955,9,Knot is fibered and thus 3-genus follows from Alexander polynomial
o9_31967,23,Knot is fibered and thus 3-genus follows from Alexander polynomial
o9_31990,1,Knot Floer homology computation
o9_32028,9,Knot is fibered and thus 3-genus follows from Alexander polynomial
o9_32044,14,Knot is fibered and thus 3-genus follows from Alexander polynomial
o9_32065,43,Knot is fibered and thus 3-genus follows from Alexander polynomial
o9_32132,34,Knot is fibered and thus 3-genus follows from Alexander polynomial
o9_32150,31,Knot is fibered and thus 3-genus follows from Alexander polynomial
o9_32208,4,Knot is fibered and thus 3-genus follows from Alexander polynomial
o9_32257,39,Knot is fibered and thus 3-genus follows from Alexander polynomial
o9_32314,31,Knot is fibered and thus 3-genus follows from Alexander polynomial
o9_32471,28,Knot is fibered and thus 3-genus follows from Alexander polynomial
o9_32570,11,Knot is fibered and thus 3-genus follows from Alexander polynomial
o9_32588,31,Knot is fibered and thus 3-genus follows from Alexander polynomial
o9_32687,6,Knot is fibered and thus 3-genus follows from Alexander polynomial
o9_32739,38,Knot is fibered and thus 3-genus follows from Alexander polynomial
o9_32964,18,Knot is fibered and thus 3-genus follows from Alexander polynomial
o9_32994,9,Knot is fibered and thus 3-genus follows from Alexander polynomial
o9_33067,1,Knot Floer homology computation
o9_33111,7,Knot is fibered and thus 3-genus follows from Alexander polynomial
o9_33112,4,Knot Floer homology computation
o9_33189,26,Knot is fibered and thus 3-genus follows from Alexander polynomial
o9_33262,4,Knot is fibered and thus 3-genus follows from Alexander polynomial
o9_33263,4,Knot is fibered and thus 3-genus follows from Alexander polynomial
o9_33284,61,Knot is fibered and thus 3-genus follows from Alexander polynomial
o9_33363,4,Knot is fibered and thus 3-genus follows from Alexander polynomial
o9_33380,20,Knot is fibered and thus 3-genus follows from Alexander polynomial
o9_33430,25,Knot is fibered and thus 3-genus follows from Alexander polynomial
o9_33432,6,Knot is fibered and thus 3-genus follows from Alexander polynomial
o9_33452,7,Knot is fibered and thus 3-genus follows from Alexander polynomial
o9_33470,19,Knot is fibered and thus 3-genus follows from Alexander polynomial
o9_33486,70,Knot is fibered and thus 3-genus follows from Alexander polynomial
o9_33526,35,Knot is fibered and thus 3-genus follows from Alexander polynomial
o9_33529,11,Knot is fibered and thus 3-genus follows from Alexander polynomial
o9_33568,2,Knot Floer homology computation
o9_33585,50,Knot is fibered and thus 3-genus follows from Alexander polynomial
o9_33783,8,Knot is fibered and thus 3-genus follows from Alexander polynomial
o9_33801,38,Knot is fibered and thus 3-genus follows from Alexander polynomial
o9_33833,2,Knot Floer homology computation
o9_33834,2,Knot Floer homology computation
o9_33944,26,Knot is fibered and thus 3-genus follows from Alexander polynomial
o9_33950,12,Knot is fibered and thus 3-genus follows from Alexander polynomial
o9_33959,39,Knot is fibered and thus 3-genus follows from Alexander polynomial
o9_33966,2,Knot Floer homology computation
o9_33967,2,Knot Floer homology computation
o9_34000,43,Knot is fibered and thus 3-genus follows from Alexander polynomial
o9_34097,2,Knot Floer homology computation
o9_34182,5,Knot is fibered and thus 3-genus follows from Alexander polynomial
o9_34316,7,Knot is fibered and thus 3-genus follows from Alexander polynomial
o9_34323,1,Knot Floer homology computation
o9_34336,8,Knot is fibered and thus 3-genus follows from Alexander polynomial
o9_34379,6,Knot is fibered and thus 3-genus follows from Alexander polynomial
o9_34403,46,Knot is fibered and thus 3-genus follows from Alexander polynomial
o9_34409,15,Knot is fibered and thus 3-genus follows from Alexander polynomial
o9_34450,8,Knot Floer homology computation
o9_34561,6,Knot is fibered and thus 3-genus follows from Alexander polynomial
o9_34625,7,Knot Floer homology computation
o9_34671,7,Knot Floer homology computation
o9_34676,3,Knot Floer homology computation
o9_34689,35,Knot is fibered and thus 3-genus follows from Alexander polynomial
o9_34700,1,Knot Floer homology computation
o9_34743,3,Knot is fibered and thus 3-genus follows from Alexander polynomial
o9_34801,2,Knot is fibered and thus 3-genus follows from Alexander polynomial
o9_34818,2,Knot is fibered and thus 3-genus follows from Alexander polynomial
o9_34908,2,Knot Floer homology computation
o9_34949,3,Knot is fibered and thus 3-genus follows from Alexander polynomial
o9_35003,6,Knot is fibered and thus 3-genus follows from Alexander polynomial
o9_35090,5,Knot is fibered and thus 3-genus follows from Alexander polynomial
o9_35240,4,Knot is fibered and thus 3-genus follows from Alexander polynomial
o9_35320,47,Knot is fibered and thus 3-genus follows from Alexander polynomial
o9_35376,18,Knot is fibered and thus 3-genus follows from Alexander polynomial
o9_35549,134,Knot is fibered and thus 3-genus follows from Alexander polynomial
o9_35666,34,Knot is fibered and thus 3-genus follows from Alexander polynomial
o9_35678,4,Knot is fibered and thus 3-genus follows from Alexander polynomial
o9_35682,43,Knot is fibered and thus 3-genus follows from Alexander polynomial
o9_35720,30,Knot is fibered and thus 3-genus follows from Alexander polynomial
o9_35736,131,Knot is fibered and thus 3-genus follows from Alexander polynomial
o9_35772,42,Knot is fibered and thus 3-genus follows from Alexander polynomial
o9_35778,4,Knot Floer homology computation
o9_35831,24,Knot is fibered and thus 3-genus follows from Alexander polynomial
o9_35928,22,Knot is fibered and thus 3-genus follows from Alexander polynomial
o9_35997,3,Knot Floer homology computation
o9_35998,4,Knot Floer homology computation
o9_36089,4,Knot Floer homology computation
o9_36090,3,Knot Floer homology computation
o9_36114,43,Knot is fibered and thus 3-genus follows from Alexander polynomial
o9_36180,1,Knot Floer homology computation
o9_36215,11,Knot is fibered and thus 3-genus follows from Alexander polynomial
o9_36250,32,Knot is fibered and thus 3-genus follows from Alexander polynomial
o9_36258,4,Knot is fibered and thus 3-genus follows from Alexander polynomial
o9_36259,4,Knot is fibered and thus 3-genus follows from Alexander polynomial
o9_36297,22,Knot is fibered and thus 3-genus follows from Alexander polynomial
o9_36320,4,Knot is fibered and thus 3-genus follows from Alexander polynomial
o9_36357,4,Knot is fibered and thus 3-genus follows from Alexander polynomial
o9_36380,59,Knot is fibered and thus 3-genus follows from Alexander polynomial
o9_36411,22,Knot is fibered and thus 3-genus follows from Alexander polynomial
o9_36435,10,Knot is fibered and thus 3-genus follows from Alexander polynomial
o9_36459,4,Knot is fibered and thus 3-genus follows from Alexander polynomial
o9_36544,31,Knot is fibered and thus 3-genus follows from Alexander polynomial
o9_36696,4,Knot is fibered and thus 3-genus follows from Alexander polynomial
o9_36697,4,Knot is fibered and thus 3-genus follows from Alexander polynomial
o9_36809,22,Knot is fibered and thus 3-genus follows from Alexander polynomial
o9_36811,17,Knot is fibered and thus 3-genus follows from Alexander polynomial
o9_36873,7,Knot is fibered and thus 3-genus follows from Alexander polynomial
o9_36955,1,Knot Floer homology computation
o9_36958,22,Knot is fibered and thus 3-genus follows from Alexander polynomial
o9_37005,12,Knot is fibered and thus 3-genus follows from Alexander polynomial
o9_37028,5,Knot is fibered and thus 3-genus follows from Alexander polynomial
o9_37050,67,Knot is fibered and thus 3-genus follows from Alexander polynomial
o9_37080,2,Knot is fibered and thus 3-genus follows from Alexander polynomial
o9_37142,6,Knot is fibered and thus 3-genus follows from Alexander polynomial
o9_37162,5,Knot is fibered and thus 3-genus follows from Alexander polynomial
o9_37291,41,Knot is fibered and thus 3-genus follows from Alexander polynomial
o9_37482,36,Knot is fibered and thus 3-genus follows from Alexander polynomial
o9_37485,2,Knot Floer homology computation
o9_37547,2,Knot Floer homology computation
o9_37551,18,Knot is fibered and thus 3-genus follows from Alexander polynomial
o9_37563,3,Knot is fibered and thus 3-genus follows from Alexander polynomial
o9_37618,4,Knot is fibered and thus 3-genus follows from Alexander polynomial
o9_37685,22,Knot is fibered and thus 3-genus follows from Alexander polynomial
o9_37731,2,Knot is fibered and thus 3-genus follows from Alexander polynomial
o9_37732,2,Knot is fibered and thus 3-genus follows from Alexander polynomial
o9_37751,31,Knot is fibered and thus 3-genus follows from Alexander polynomial
o9_37754,40,Knot is fibered and thus 3-genus follows from Alexander polynomial
o9_37761,5,Knot is fibered and thus 3-genus follows from Alexander polynomial
o9_37768,2,Knot Floer homology computation
o9_37770,2,Knot Floer homology computation
o9_37795,1,Knot Floer homology computation
o9_37851,41,Knot is fibered and thus 3-genus follows from Alexander polynomial
o9_37876,8,Knot is fibered and thus 3-genus follows from Alexander polynomial
o9_37891,15,Knot is fibered and thus 3-genus follows from Alexander polynomial
o9_37895,9,Knot is fibered and thus 3-genus follows from Alexander polynomial
o9_37941,47,Knot is fibered and thus 3-genus follows from Alexander polynomial
o9_38014,4,Knot is fibered and thus 3-genus follows from Alexander polynomial
o9_38190,7,Knot is fibered and thus 3-genus follows from Alexander polynomial
o9_38287,29,Knot is fibered and thus 3-genus follows from Alexander polynomial
o9_38344,22,Knot is fibered and thus 3-genus follows from Alexander polynomial
o9_38364,2,Knot Floer homology computation
o9_38471,4,Knot is fibered and thus 3-genus follows from Alexander polynomial
o9_38560,9,Knot is fibered and thus 3-genus follows from Alexander polynomial
o9_38598,18,Knot is fibered and thus 3-genus follows from Alexander polynomial
o9_38600,4,Knot is fibered and thus 3-genus follows from Alexander polynomial
o9_38623,4,Knot is fibered and thus 3-genus follows from Alexander polynomial
o9_38639,7,Knot is fibered and thus 3-genus follows from Alexander polynomial
o9_38679,53,Knot is fibered and thus 3-genus follows from Alexander polynomial
o9_38681,8,Knot is fibered and thus 3-genus follows from Alexander polynomial
o9_38702,3,Knot is fibered and thus 3-genus follows from Alexander polynomial
o9_38780,7,Knot is fibered and thus 3-genus follows from Alexander polynomial
o9_38811,30,Knot is fibered and thus 3-genus follows from Alexander polynomial
o9_38928,19,Knot is fibered and thus 3-genus follows from Alexander polynomial
o9_38945,11,Knot is fibered and thus 3-genus follows from Alexander polynomial
o9_38975,3,Knot Floer homology computation
o9_38989,33,Knot is fibered and thus 3-genus follows from Alexander polynomial
o9_39162,24,Knot is fibered and thus 3-genus follows from Alexander polynomial
o9_39163,10,Knot is fibered and thus 3-genus follows from Alexander polynomial
o9_39266,7,Knot is fibered and thus 3-genus follows from Alexander polynomial
o9_39277,3,Knot is fibered and thus 3-genus follows from Alexander polynomial
o9_39285,1,Knot Floer homology computation
o9_39339,1,Knot Floer homology computation
o9_39369,6,Knot is fibered and thus 3-genus follows from Alexander polynomial
o9_39394,57,Knot is fibered and thus 3-genus follows from Alexander polynomial
o9_39395,5,Knot is fibered and thus 3-genus follows from Alexander polynomial
o9_39430,5,Knot is fibered and thus 3-genus follows from Alexander polynomial
o9_39433,3,Knot is fibered and thus 3-genus follows from Alexander polynomial
o9_39451,41,Knot is fibered and thus 3-genus follows from Alexander polynomial
o9_39519,3,Knot is fibered and thus 3-genus follows from Alexander polynomial
o9_39521,52,Knot is fibered and thus 3-genus follows from Alexander polynomial
o9_39551,6,Knot is fibered and thus 3-genus follows from Alexander polynomial
o9_39591,3,Knot is fibered and thus 3-genus follows from Alexander polynomial
o9_39592,17,Knot is fibered and thus 3-genus follows from Alexander polynomial
o9_39606,23,Knot is fibered and thus 3-genus follows from Alexander polynomial
o9_39608,23,Knot is fibered and thus 3-genus follows from Alexander polynomial
o9_39746,5,Knot is fibered and thus 3-genus follows from Alexander polynomial
o9_39754,13,Knot is fibered and thus 3-genus follows from Alexander polynomial
o9_39806,3,Knot is fibered and thus 3-genus follows from Alexander polynomial
o9_39859,26,Knot is fibered and thus 3-genus follows from Alexander polynomial
o9_39879,21,Knot is fibered and thus 3-genus follows from Alexander polynomial
o9_39887,5,Knot is fibered and thus 3-genus follows from Alexander polynomial
o9_39926,20,Knot is fibered and thus 3-genus follows from Alexander polynomial
o9_39930,6,Knot is fibered and thus 3-genus follows from Alexander polynomial
o9_39967,4,Knot is fibered and thus 3-genus follows from Alexander polynomial
o9_39973,9,Knot is fibered and thus 3-genus follows from Alexander polynomial
o9_39974,6,Knot is fibered and thus 3-genus follows from Alexander polynomial
o9_39981,19,Knot is fibered and thus 3-genus follows from Alexander polynomial
o9_40024,3,Knot is fibered and thus 3-genus follows from Alexander polynomial
o9_40026,19,Knot is fibered and thus 3-genus follows from Alexander polynomial
o9_40052,36,Knot is fibered and thus 3-genus follows from Alexander polynomial
o9_40063,5,Knot Floer homology computation
o9_40064,2,Knot Floer homology computation
o9_40073,14,Knot is fibered and thus 3-genus follows from Alexander polynomial
o9_40075,36,Knot is fibered and thus 3-genus follows from Alexander polynomial
o9_40076,3,Knot Floer homology computation
o9_40081,2,Knot Floer homology computation
o9_40130,8,Knot is fibered and thus 3-genus follows from Alexander polynomial
o9_40154,8,Knot is fibered and thus 3-genus follows from Alexander polynomial
o9_40171,4,Knot is fibered and thus 3-genus follows from Alexander polynomial
o9_40179,54,Knot is fibered and thus 3-genus follows from Alexander polynomial
o9_40192,5,Knot is fibered and thus 3-genus follows from Alexander polynomial
o9_40215,9,Knot is fibered and thus 3-genus follows from Alexander polynomial
o9_40245,11,Knot is fibered and thus 3-genus follows from Alexander polynomial
o9_40284,9,Knot is fibered and thus 3-genus follows from Alexander polynomial
o9_40291,3,Knot is fibered and thus 3-genus follows from Alexander polynomial
o9_40361,1,Knot Floer homology computation
o9_40363,33,Knot is fibered and thus 3-genus follows from Alexander polynomial
o9_40390,4,Knot is fibered and thus 3-genus follows from Alexander polynomial
o9_40449,1,Knot Floer homology computation
o9_40484,2,Knot is fibered and thus 3-genus follows from Alexander polynomial
o9_40485,2,Knot is fibered and thus 3-genus follows from Alexander polynomial
o9_40487,14,Knot is fibered and thus 3-genus follows from Alexander polynomial
o9_40504,21,Knot is fibered and thus 3-genus follows from Alexander polynomial
o9_40519,3,Knot is fibered and thus 3-genus follows from Alexander polynomial
o9_40522,4,Knot is fibered and thus 3-genus follows from Alexander polynomial
o9_40547,7,Knot is fibered and thus 3-genus follows from Alexander polynomial
o9_40568,2,Knot is fibered and thus 3-genus follows from Alexander polynomial
o9_40582,16,Knot is fibered and thus 3-genus follows from Alexander polynomial
o9_40803,4,Knot is fibered and thus 3-genus follows from Alexander polynomial
o9_40873,4,Knot is fibered and thus 3-genus follows from Alexander polynomial
o9_40901,22,Knot is fibered and thus 3-genus follows from Alexander polynomial
o9_41058,4,Knot is fibered and thus 3-genus follows from Alexander polynomial
o9_41144,23,Knot is fibered and thus 3-genus follows from Alexander polynomial
o9_41263,4,Knot is fibered and thus 3-genus follows from Alexander polynomial
o9_41312,3,Knot is fibered and thus 3-genus follows from Alexander polynomial
o9_41372,34,Knot is fibered and thus 3-genus follows from Alexander polynomial
o9_41388,6,Knot is fibered and thus 3-genus follows from Alexander polynomial
o9_41428,14,Knot is fibered and thus 3-genus follows from Alexander polynomial
o9_41610,5,Knot Floer homology computation
o9_41611,2,Knot Floer homology computation
o9_41621,15,Knot is fibered and thus 3-genus follows from Alexander polynomial
o9_41633,10,Knot is fibered and thus 3-genus follows from Alexander polynomial
o9_41677,5,Knot is fibered and thus 3-genus follows from Alexander polynomial
o9_41678,9,Knot is fibered and thus 3-genus follows from Alexander polynomial
o9_41909,2,Knot is fibered and thus 3-genus follows from Alexander polynomial
o9_41980,9,Knot is fibered and thus 3-genus follows from Alexander polynomial
o9_41995,3,Knot is fibered and thus 3-genus follows from Alexander polynomial
o9_42189,4,Knot Floer homology computation
o9_42190,4,Knot is fibered and thus 3-genus follows from Alexander polynomial
o9_42220,4,Knot is fibered and thus 3-genus follows from Alexander polynomial
o9_42224,30,Knot is fibered and thus 3-genus follows from Alexander polynomial
o9_42258,2,Knot Floer homology computation
o9_42277,3,Knot is fibered and thus 3-genus follows from Alexander polynomial
o9_42296,5,Knot is fibered and thus 3-genus follows from Alexander polynomial
o9_42320,4,Knot is fibered and thus 3-genus follows from Alexander polynomial
o9_42352,16,Knot is fibered and thus 3-genus follows from Alexander polynomial
o9_42411,4,Knot Floer homology computation
o9_42429,6,Knot is fibered and thus 3-genus follows from Alexander polynomial
o9_42430,10,Knot is fibered and thus 3-genus follows from Alexander polynomial
o9_42467,2,Knot Floer homology computation
o9_42493,32,Knot is fibered and thus 3-genus follows from Alexander polynomial
o9_42511,6,Knot is fibered and thus 3-genus follows from Alexander polynomial
o9_42515,2,Knot is fibered and thus 3-genus follows from Alexander polynomial
o9_42607,5,Knot is fibered and thus 3-genus follows from Alexander polynomial
o9_42660,3,Knot is fibered and thus 3-genus follows from Alexander polynomial
o9_42675,16,Knot is fibered and thus 3-genus follows from Alexander polynomial
o9_42714,4,Knot is fibered and thus 3-genus follows from Alexander polynomial
o9_42735,2,Knot is fibered and thus 3-genus follows from Alexander polynomial
o9_42757,13,Knot is fibered and thus 3-genus follows from Alexander polynomial
o9_42936,5,Knot is fibered and thus 3-genus follows from Alexander polynomial
o9_42942,11,Knot is fibered and thus 3-genus follows from Alexander polynomial
o9_42960,8,Knot is fibered and thus 3-genus follows from Alexander polynomial
o9_42961,21,Knot is fibered and thus 3-genus follows from Alexander polynomial
o9_42963,3,Knot Floer homology computation
o9_42973,5,Knot is fibered and thus 3-genus follows from Alexander polynomial
o9_42974,3,Knot Floer homology computation
o9_42999,5,Knot is fibered and thus 3-genus follows from Alexander polynomial
o9_43001,46,Knot is fibered and thus 3-genus follows from Alexander polynomial
o9_43197,6,Knot is fibered and thus 3-genus follows from Alexander polynomial
o9_43369,2,Knot Floer homology computation
o9_43407,3,Knot is fibered and thus 3-genus follows from Alexander polynomial
o9_43443,8,Knot is fibered and thus 3-genus follows from Alexander polynomial
o9_43446,3,Knot is fibered and thus 3-genus follows from Alexander polynomial
o9_43481,5,Knot is fibered and thus 3-genus follows from Alexander polynomial
o9_43566,5,Knot is fibered and thus 3-genus follows from Alexander polynomial
o9_43567,9,Knot is fibered and thus 3-genus follows from Alexander polynomial
o9_43592,2,Knot Floer homology computation
o9_43607,9,Knot is fibered and thus 3-genus follows from Alexander polynomial
o9_43608,5,Knot is fibered and thus 3-genus follows from Alexander polynomial
o9_43609,4,Knot is fibered and thus 3-genus follows from Alexander polynomial
o9_43649,13,Knot is fibered and thus 3-genus follows from Alexander polynomial
o9_43679,58,Knot is fibered and thus 3-genus follows from Alexander polynomial
o9_43730,3,Knot is fibered and thus 3-genus follows from Alexander polynomial
o9_43750,30,Knot is fibered and thus 3-genus follows from Alexander polynomial
o9_43759,11,Knot is fibered and thus 3-genus follows from Alexander polynomial
o9_43760,7,Knot is fibered and thus 3-genus follows from Alexander polynomial
o9_43771,2,Knot is fibered and thus 3-genus follows from Alexander polynomial
o9_43778,9,Knot is fibered and thus 3-genus follows from Alexander polynomial
o9_43857,27,Knot is fibered and thus 3-genus follows from Alexander polynomial
o9_43859,5,Knot is fibered and thus 3-genus follows from Alexander polynomial
o9_43874,3,Knot is fibered and thus 3-genus follows from Alexander polynomial
o9_43876,2,Knot Floer homology computation
o9_43946,6,Knot is fibered and thus 3-genus follows from Alexander polynomial
o9_43953,48,Knot is fibered and thus 3-genus follows from Alexander polynomial
o9_44048,6,Knot is fibered and thus 3-genus follows from Alexander polynomial
o9_44054,52,Knot is fibered and thus 3-genus follows from Alexander polynomial
o9_44057,2,Knot Floer homology computation
o9_44184,3,Knot is fibered and thus 3-genus follows from Alexander polynomial
