knot,p,q,Ord(K)+1 is multiplicative?,answer to Question 1.4
m004,2,3,False,True
m004,2,5,False,True
m004,2,7,False,True
m004,2,9,False,True
m004,2,11,False,True
m015,2,3,False,True
m015,2,5,True,True
m015,2,7,True,True
m015,2,9,True,True
m015,2,11,True,True
m032,2,3,False,True
m032,2,5,False,True
m032,2,7,False,True
m032,2,9,False,True
m032,2,11,False,True
m053,2,3,False,True
m053,2,5,True,True
m053,2,7,True,True
m053,2,9,True,True
m053,2,11,True,True
m074,2,3,False,True
m074,2,5,False,True
m074,2,7,False,True
m074,2,9,False,True
m074,2,11,False,True
m094,2,3,False,True
m094,2,5,True,True
m094,2,7,True,True
m094,2,9,True,True
m094,2,11,True,True
m199,2,7,False,True
m199,2,9,False,True
m199,2,11,False,True
m199,2,13,False,True
m199,2,15,False,True
m201,2,7,True,True
m201,2,9,True,True
m201,2,11,True,True
m201,2,13,True,True
m201,2,15,True,True
m222,2,7,False,True
m222,2,9,False,True
m222,2,11,False,True
m222,2,13,False,True
m222,2,15,False,True
m224,2,7,False,True
m224,2,9,False,True
m224,2,11,False,True
m224,2,13,False,True
m224,2,15,False,True
m289,2,7,False,True
m289,2,9,False,True
m289,2,11,False,True
m289,2,13,False,True
m289,2,15,False,True
m340,2,7,True,True
m340,2,9,True,True
m340,2,11,True,True
m340,2,13,True,True
m340,2,15,True,True
m372,2,3,False,True
m372,2,5,False,True
m372,2,7,False,True
m372,2,9,False,True
m372,2,11,False,True
m389,2,15,True,True
m389,2,17,True,True
m389,2,19,True,True
m389,2,21,True,True
m389,2,23,True,True
s016,2,3,False,True
s016,2,5,False,True
s016,2,7,False,True
s016,2,9,False,True
s016,2,11,False,True
s023,2,3,False,True
s023,2,5,True,True
s023,2,7,True,True
s023,2,9,True,True
s023,2,11,True,True
s188,2,11,True,True
s188,2,13,True,True
s188,2,15,True,True
s188,2,17,True,True
s188,2,19,True,True
s194,2,11,False,True
s194,2,13,False,True
s194,2,15,False,True
s194,2,17,False,True
s194,2,19,False,True
s239,2,7,False,True
s239,2,9,False,True
s239,2,11,False,True
s239,2,13,False,True
s239,2,15,False,True
s385,2,11,False,True
s385,2,13,False,True
s385,2,15,False,True
s385,2,17,False,True
s385,2,19,False,True
s451,2,11,False,True
s451,2,13,False,True
s451,2,15,False,True
s451,2,17,False,True
s451,2,19,False,True
s526,2,11,True,True
s526,2,13,True,True
s526,2,15,True,True
s526,2,17,True,True
s526,2,19,True,True
s558,2,11,True,True
s558,2,13,True,True
s558,2,15,True,True
s558,2,17,True,True
s558,2,19,True,True
s580,2,7,True,True
s580,2,9,True,True
s580,2,11,True,True
s580,2,13,True,True
s580,2,15,True,True
s648,2,3,False,True
s648,2,5,False,True
s648,2,7,False,True
s648,2,9,False,True
s648,2,11,False,True
s704,2,7,False,True
s704,2,9,False,True
s704,2,11,False,True
s704,2,13,False,True
s704,2,15,False,True
s726,2,3,False,True
s726,2,5,False,True
s726,2,7,False,True
s726,2,9,False,True
s726,2,11,False,True
s836,2,15,True,True
s836,2,17,True,True
s836,2,19,True,True
s836,2,21,True,True
s836,2,23,True,True
s841,2,27,True,True
s841,2,29,True,True
s841,2,31,True,True
s841,2,33,True,True
s841,2,35,True,True
s862,2,7,False,True
s862,2,9,False,True
s862,2,11,False,True
s862,2,13,False,True
s862,2,15,False,True
s870,2,7,True,True
s870,2,9,True,True
s870,2,11,True,True
s870,2,13,True,True
s870,2,15,True,True
s879,2,3,False,True
s879,2,5,False,True
s879,2,7,False,True
s879,2,9,False,True
s879,2,11,False,True
s912,2,7,False,True
s912,2,9,False,True
s912,2,11,False,True
s912,2,13,False,True
s912,2,15,False,True
v0016,2,3,False,True
v0016,2,5,False,True
v0016,2,7,False,True
v0016,2,9,False,True
v0016,2,11,False,True
v0025,2,3,False,True
v0025,2,5,True,True
v0025,2,7,True,True
v0025,2,9,True,True
v0025,2,11,True,True
v0321,2,15,True,True
v0321,2,17,True,True
v0321,2,19,True,True
v0321,2,21,True,True
v0321,2,23,True,True
v0329,2,15,False,True
v0329,2,17,False,True
v0329,2,19,False,True
v0329,2,21,False,True
v0329,2,23,False,True
v0521,2,11,False,True
v0521,2,13,False,True
v0521,2,15,False,True
v0521,2,17,False,True
v0521,2,19,False,True
v0535,2,15,False,True
v0535,2,17,False,True
v0535,2,19,False,True
v0535,2,21,False,True
v0535,2,23,False,True
v0595,2,11,True,True
v0595,2,13,True,True
v0595,2,15,True,True
v0595,2,17,True,True
v0595,2,19,True,True
v0600,2,15,False,True
v0600,2,17,False,True
v0600,2,19,False,True
v0600,2,21,False,True
v0600,2,23,False,True
v0656,2,19,False,True
v0656,2,21,False,True
v0656,2,23,False,True
v0656,2,25,False,True
v0656,2,27,False,True
v0960,2,15,True,True
v0960,2,17,True,True
v0960,2,19,True,True
v0960,2,21,True,True
v0960,2,23,True,True
v1063,2,15,False,True
v1063,2,17,False,True
v1063,2,19,False,True
v1063,2,21,False,True
v1063,2,23,False,True
v1126,2,19,True,True
v1126,2,21,True,True
v1126,2,23,True,True
v1126,2,25,True,True
v1126,2,27,True,True
v1217,2,15,True,True
v1217,2,17,True,True
v1217,2,19,True,True
v1217,2,21,True,True
v1217,2,23,True,True
v1243,2,15,True,True
v1243,2,17,True,True
v1243,2,19,True,True
v1243,2,21,True,True
v1243,2,23,True,True
v1348,2,19,False,True
v1348,2,21,False,True
v1348,2,23,False,True
v1348,2,25,False,True
v1348,2,27,False,True
v1434,2,19,True,True
v1434,2,21,True,True
v1434,2,23,True,True
v1434,2,25,True,True
v1434,2,27,True,True
v1811,2,15,True,True
v1811,2,17,True,True
v1811,2,19,True,True
v1811,2,21,True,True
v1811,2,23,True,True
v1935,2,15,True,True
v1935,2,17,True,True
v1935,2,19,True,True
v1935,2,21,True,True
v1935,2,23,True,True
v1964,2,7,True,True
v1964,2,9,True,True
v1964,2,11,True,True
v1964,2,13,True,True
v1964,2,15,True,True
v1971,2,15,False,True
v1971,2,17,False,True
v1971,2,19,False,True
v1971,2,21,False,True
v1971,2,23,False,True
v2001,2,3,False,True
v2001,2,5,False,True
v2001,2,7,False,True
v2001,2,9,False,True
v2001,2,11,False,True
v2166,2,11,True,True
v2166,2,13,True,True
v2166,2,15,True,True
v2166,2,17,True,True
v2166,2,19,True,True
v2191,2,39,True,True
v2191,2,41,True,True
v2191,2,43,True,True
v2191,2,45,True,True
v2191,2,47,True,True
v2257,2,3,False,True
v2257,2,5,False,True
v2257,2,7,False,True
v2257,2,9,False,True
v2257,2,11,False,True
v2272,2,7,False,True
v2272,2,9,False,True
v2272,2,11,False,True
v2272,2,13,False,True
v2272,2,15,False,True
v2284,2,3,False,True
v2284,2,5,False,True
v2284,2,7,False,True
v2284,2,9,False,True
v2284,2,11,False,True
v2362,2,3,False,True
v2362,2,5,False,True
v2362,2,7,False,True
v2362,2,9,False,True
v2362,2,11,False,True
v2488,2,7,False,True
v2488,2,9,False,True
v2488,2,11,False,True
v2488,2,13,False,True
v2488,2,15,False,True
v2508,2,11,False,True
v2508,2,13,False,True
v2508,2,15,False,True
v2508,2,17,False,True
v2508,2,19,False,True
v2520,2,7,True,True
v2520,2,9,True,True
v2520,2,11,True,True
v2520,2,13,True,True
v2520,2,15,True,True
v2543,2,7,False,True
v2543,2,9,False,True
v2543,2,11,False,True
v2543,2,13,False,True
v2543,2,15,False,True
v2552,2,15,True,True
v2552,2,17,True,True
v2552,2,19,True,True
v2552,2,21,True,True
v2552,2,23,True,True
v2553,2,11,True,True
v2553,2,13,True,True
v2553,2,15,True,True
v2553,2,17,True,True
v2553,2,19,True,True
v2623,2,11,True,True
v2623,2,13,True,True
v2623,2,15,True,True
v2623,2,17,True,True
v2623,2,19,True,True
v2624,2,15,True,True
v2624,2,17,True,True
v2624,2,19,True,True
v2624,2,21,True,True
v2624,2,23,True,True
v2642,2,19,True,True
v2642,2,21,True,True
v2642,2,23,True,True
v2642,2,25,True,True
v2642,2,27,True,True
v2743,2,3,False,True
v2743,2,5,False,True
v2743,2,7,False,True
v2743,2,9,False,True
v2743,2,11,False,True
v2851,2,31,True,True
v2851,2,33,True,True
v2851,2,35,True,True
v2851,2,37,True,True
v2851,2,39,True,True
v2858,2,11,True,True
v2858,2,13,True,True
v2858,2,15,True,True
v2858,2,17,True,True
v2858,2,19,True,True
v2861,2,3,False,True
v2861,2,5,False,True
v2861,2,7,False,True
v2861,2,9,False,True
v2861,2,11,False,True
v2869,2,11,False,True
v2869,2,13,False,True
v2869,2,15,False,True
v2869,2,17,False,True
v2869,2,19,False,True
v2888,2,27,True,True
v2888,2,29,True,True
v2888,2,31,True,True
v2888,2,33,True,True
v2888,2,35,True,True
v2894,2,11,True,True
v2894,2,13,True,True
v2894,2,15,True,True
v2894,2,17,True,True
v2894,2,19,True,True
v3081,2,27,True,True
v3081,2,29,True,True
v3081,2,31,True,True
v3081,2,33,True,True
v3081,2,35,True,True
v3093,2,7,False,True
v3093,2,9,False,True
v3093,2,11,False,True
v3093,2,13,False,True
v3093,2,15,False,True
v3169,2,3,False,True
v3169,2,5,True,True
v3169,2,7,True,True
v3169,2,9,True,True
v3169,2,11,True,True
v3195,2,11,False,True
v3195,2,13,False,True
v3195,2,15,False,True
v3195,2,17,False,True
v3195,2,19,False,True
v3199,2,27,True,True
v3199,2,29,True,True
v3199,2,31,True,True
v3199,2,33,True,True
v3199,2,35,True,True
v3310,2,7,True,True
v3310,2,9,True,True
v3310,2,11,True,True
v3310,2,13,True,True
v3310,2,15,True,True
v3320,2,11,False,True
v3320,2,13,False,True
v3320,2,15,False,True
v3320,2,17,False,True
v3320,2,19,False,True
v3356,2,31,True,True
v3356,2,33,True,True
v3356,2,35,True,True
v3356,2,37,True,True
v3356,2,39,True,True
v3423,2,7,False,True
v3423,2,9,False,True
v3423,2,11,False,True
v3423,2,13,False,True
v3423,2,15,False,True
v3505,2,7,True,True
v3505,2,9,True,True
v3505,2,11,True,True
v3505,2,13,True,True
v3505,2,15,True,True
v3536,2,7,False,True
v3536,2,9,False,True
v3536,2,11,False,True
v3536,2,13,False,True
v3536,2,15,False,True
v3541,2,19,False,True
v3541,2,21,False,True
v3541,2,23,False,True
v3541,2,25,False,True
v3541,2,27,False,True
t00017,2,3,False,True
t00017,2,5,False,True
t00017,2,7,False,True
t00017,2,9,False,True
t00017,2,11,False,True
t00027,2,3,False,True
t00027,2,5,True,True
t00027,2,7,True,True
t00027,2,9,True,True
t00027,2,11,True,True
t00565,2,19,True,True
t00565,2,21,True,True
t00565,2,23,True,True
t00565,2,25,True,True
t00565,2,27,True,True
t00577,2,19,False,True
t00577,2,21,False,True
t00577,2,23,False,True
t00577,2,25,False,True
t00577,2,27,False,True
t01039,2,15,False,True
t01039,2,17,False,True
t01039,2,19,False,True
t01039,2,21,False,True
t01039,2,23,False,True
K4a1,2,3,False,True
K4a1,2,5,False,True
K4a1,2,7,False,True
K4a1,2,9,False,True
K4a1,2,11,False,True
K5a1,2,3,False,True
K5a1,2,5,True,True
K5a1,2,7,True,True
K5a1,2,9,True,True
K5a1,2,11,True,True
K6a1,2,7,False,True
K6a1,2,9,False,True
K6a1,2,11,False,True
K6a1,2,13,False,True
K6a1,2,15,False,True
K6a2,2,7,True,True
K6a2,2,9,True,True
K6a2,2,11,True,True
K6a2,2,13,True,True
K6a2,2,15,True,True
K6a3,2,3,False,True
K6a3,2,5,False,True
K6a3,2,7,False,True
K6a3,2,9,False,True
K6a3,2,11,False,True
K7a1,2,7,False,True
K7a1,2,9,False,True
K7a1,2,11,False,True
K7a1,2,13,False,True
K7a1,2,15,False,True
K7a2,2,7,True,True
K7a2,2,9,True,True
K7a2,2,11,True,True
K7a2,2,13,True,True
K7a2,2,15,True,True
K7a3,2,7,True,True
K7a3,2,9,True,True
K7a3,2,11,True,True
K7a3,2,13,True,True
K7a3,2,15,True,True
K7a4,2,3,False,True
K7a4,2,5,True,True
K7a4,2,7,True,True
K7a4,2,9,True,True
K7a4,2,11,True,True
K7a5,2,7,True,True
K7a5,2,9,True,True
K7a5,2,11,True,True
K7a5,2,13,True,True
K7a5,2,15,True,True
K7a6,2,3,False,True
K7a6,2,5,True,True
K7a6,2,7,True,True
K7a6,2,9,True,True
K7a6,2,11,True,True
K8a1,2,7,True,True
K8a1,2,9,True,True
K8a1,2,11,True,True
K8a1,2,13,True,True
K8a1,2,15,True,True
K8a2,2,7,True,True
K8a2,2,9,True,True
K8a2,2,11,True,True
K8a2,2,13,True,True
K8a2,2,15,True,True
K8a3,2,11,False,True
K8a3,2,13,False,True
K8a3,2,15,False,True
K8a3,2,17,False,True
K8a3,2,19,False,True
K8a4,2,7,False,True
K8a4,2,9,False,True
K8a4,2,11,False,True
K8a4,2,13,False,True
K8a4,2,15,False,True
K8a5,2,7,False,True
K8a5,2,9,False,True
K8a5,2,11,False,True
K8a5,2,13,False,True
K8a5,2,15,False,True
K8a6,2,11,False,True
K8a6,2,13,False,True
K8a6,2,15,False,True
K8a6,2,17,False,True
K8a6,2,19,False,True
K8a7,2,7,False,True
K8a7,2,9,False,True
K8a7,2,11,False,True
K8a7,2,13,False,True
K8a7,2,15,False,True
K8a8,2,11,True,True
K8a8,2,13,True,True
K8a8,2,15,True,True
K8a8,2,17,True,True
K8a8,2,19,True,True
K8a9,2,7,True,True
K8a9,2,9,True,True
K8a9,2,11,True,True
K8a9,2,13,True,True
K8a9,2,15,True,True
K8a10,2,7,True,True
K8a10,2,9,True,True
K8a10,2,11,True,True
K8a10,2,13,True,True
K8a10,2,15,True,True
K8a11,2,3,False,True
K8a11,2,5,False,True
K8a11,2,7,False,True
K8a11,2,9,False,True
K8a11,2,11,False,True
K8a12,2,11,False,True
K8a12,2,13,False,True
K8a12,2,15,False,True
K8a12,2,17,False,True
K8a12,2,19,False,True
K8a13,2,11,True,True
K8a13,2,13,True,True
K8a13,2,15,True,True
K8a13,2,17,True,True
K8a13,2,19,True,True
K8a14,2,11,False,True
K8a14,2,13,False,True
K8a14,2,15,False,True
K8a14,2,17,False,True
K8a14,2,19,False,True
K8a15,2,11,False,True
K8a15,2,13,False,True
K8a15,2,15,False,True
K8a15,2,17,False,True
K8a15,2,19,False,True
K8a16,2,11,False,True
K8a16,2,13,False,True
K8a16,2,15,False,True
K8a16,2,17,False,True
K8a16,2,19,False,True
K8a17,2,7,False,True
K8a17,2,9,False,True
K8a17,2,11,False,True
K8a17,2,13,False,True
K8a17,2,15,False,True
K8a18,2,3,False,True
K8a18,2,5,False,True
K8a18,2,7,False,True
K8a18,2,9,False,True
K8a18,2,11,False,True
K8n1,2,7,False,True
K8n1,2,9,False,True
K8n1,2,11,False,True
K8n1,2,13,False,True
K8n1,2,15,False,True
K8n2,2,7,True,True
K8n2,2,9,True,True
K8n2,2,11,True,True
K8n2,2,13,True,True
K8n2,2,15,True,True
K9a1,2,11,False,True
K9a1,2,13,False,True
K9a1,2,15,False,True
K9a1,2,17,False,True
K9a1,2,19,False,True
K9a2,2,11,True,True
K9a2,2,13,True,True
K9a2,2,15,True,True
K9a2,2,17,True,True
K9a2,2,19,True,True
K9a3,2,7,False,True
K9a3,2,9,False,True
K9a3,2,11,False,True
K9a3,2,13,False,True
K9a3,2,15,False,True
K9a4,2,7,True,True
K9a4,2,9,True,True
K9a4,2,11,True,True
K9a4,2,13,True,True
K9a4,2,15,True,True
K9a5,2,11,True,True
K9a5,2,13,True,True
K9a5,2,15,True,True
K9a5,2,17,True,True
K9a5,2,19,True,True
K9a6,2,11,False,True
K9a6,2,13,False,True
K9a6,2,15,False,True
K9a6,2,17,False,True
K9a6,2,19,False,True
K9a7,2,11,False,True
K9a7,2,13,False,True
K9a7,2,15,False,True
K9a7,2,17,False,True
K9a7,2,19,False,True
K9a8,2,7,True,True
K9a8,2,9,True,True
K9a8,2,11,True,True
K9a8,2,13,True,True
K9a8,2,15,True,True
K9a9,2,11,True,True
K9a9,2,13,True,True
K9a9,2,15,True,True
K9a9,2,17,True,True
K9a9,2,19,True,True
K9a10,2,7,False,True
K9a10,2,9,False,True
K9a10,2,11,False,True
K9a10,2,13,False,True
K9a10,2,15,False,True
K9a11,2,11,False,True
K9a11,2,13,False,True
K9a11,2,15,False,True
K9a11,2,17,False,True
K9a11,2,19,False,True
K9a12,2,11,False,True
K9a12,2,13,False,True
K9a12,2,15,False,True
K9a12,2,17,False,True
K9a12,2,19,False,True
K9a13,2,11,True,True
K9a13,2,13,True,True
K9a13,2,15,True,True
K9a13,2,17,True,True
K9a13,2,19,True,True
K9a14,2,11,True,True
K9a14,2,13,True,True
K9a14,2,15,True,True
K9a14,2,17,True,True
K9a14,2,19,True,True
K9a15,2,11,False,True
K9a15,2,13,False,True
K9a15,2,15,False,True
K9a15,2,17,False,True
K9a15,2,19,False,True
K9a16,2,7,True,True
K9a16,2,9,True,True
K9a16,2,11,True,True
K9a16,2,13,True,True
K9a16,2,15,True,True
K9a17,2,7,False,True
K9a17,2,9,False,True
K9a17,2,11,False,True
K9a17,2,13,False,True
K9a17,2,15,False,True
K9a18,2,7,False,True
K9a18,2,9,False,True
K9a18,2,11,False,True
K9a18,2,13,False,True
K9a18,2,15,False,True
K9a19,2,11,True,True
K9a19,2,13,True,True
K9a19,2,15,True,True
K9a19,2,17,True,True
K9a19,2,19,True,True
K9a20,2,11,True,True
K9a20,2,13,True,True
K9a20,2,15,True,True
K9a20,2,17,True,True
K9a20,2,19,True,True
K9a21,2,7,False,True
K9a21,2,9,False,True
K9a21,2,11,False,True
K9a21,2,13,False,True
K9a21,2,15,False,True
K9a22,2,7,True,True
K9a22,2,9,True,True
K9a22,2,11,True,True
K9a22,2,13,True,True
K9a22,2,15,True,True
K9a23,2,11,True,True
K9a23,2,13,True,True
K9a23,2,15,True,True
K9a23,2,17,True,True
K9a23,2,19,True,True
K9a24,2,7,True,True
K9a24,2,9,True,True
K9a24,2,11,True,True
K9a24,2,13,True,True
K9a24,2,15,True,True
K9a25,2,11,True,True
K9a25,2,13,True,True
K9a25,2,15,True,True
K9a25,2,17,True,True
K9a25,2,19,True,True
K9a26,2,7,True,True
K9a26,2,9,True,True
K9a26,2,11,True,True
K9a26,2,13,True,True
K9a26,2,15,True,True
K9a27,2,3,False,True
K9a27,2,5,True,True
K9a27,2,7,True,True
K9a27,2,9,True,True
K9a27,2,11,True,True
K9a28,2,11,False,True
K9a28,2,13,False,True
K9a28,2,15,False,True
K9a28,2,17,False,True
K9a28,2,19,False,True
K9a29,2,7,False,True
K9a29,2,9,False,True
K9a29,2,11,False,True
K9a29,2,13,False,True
K9a29,2,15,False,True
K9a30,2,7,True,True
K9a30,2,9,True,True
K9a30,2,11,True,True
K9a30,2,13,True,True
K9a30,2,15,True,True
K9a31,2,11,False,True
K9a31,2,13,False,True
K9a31,2,15,False,True
K9a31,2,17,False,True
K9a31,2,19,False,True
K9a32,2,7,False,True
K9a32,2,9,False,True
K9a32,2,11,False,True
K9a32,2,13,False,True
K9a32,2,15,False,True
K9a33,2,11,True,True
K9a33,2,13,True,True
K9a33,2,15,True,True
K9a33,2,17,True,True
K9a33,2,19,True,True
K9a34,2,7,True,True
K9a34,2,9,True,True
K9a34,2,11,True,True
K9a34,2,13,True,True
K9a34,2,15,True,True
K9a35,2,7,True,True
K9a35,2,9,True,True
K9a35,2,11,True,True
K9a35,2,13,True,True
K9a35,2,15,True,True
K9a36,2,3,False,True
K9a36,2,5,True,True
K9a36,2,7,True,True
K9a36,2,9,True,True
K9a36,2,11,True,True
K9a37,2,11,True,True
K9a37,2,13,True,True
K9a37,2,15,True,True
K9a37,2,17,True,True
K9a37,2,19,True,True
K9a38,2,11,True,True
K9a38,2,13,True,True
K9a38,2,15,True,True
K9a38,2,17,True,True
K9a38,2,19,True,True
K9a39,2,7,True,True
K9a39,2,9,True,True
K9a39,2,11,True,True
K9a39,2,13,True,True
K9a39,2,15,True,True
K9a40,2,3,False,True
K9a40,2,5,True,True
K9a40,2,7,True,True
K9a40,2,9,True,True
K9a40,2,11,True,True
K9n1,2,7,False,True
K9n1,2,9,False,True
K9n1,2,11,False,True
K9n1,2,13,False,True
K9n1,2,15,False,True
K9n2,2,7,False,True
K9n2,2,9,False,True
K9n2,2,11,False,True
K9n2,2,13,False,True
K9n2,2,15,False,True
K9n3,2,11,True,True
K9n3,2,13,True,True
K9n3,2,15,True,True
K9n3,2,17,True,True
K9n3,2,19,True,True
K9n4,2,7,False,True
K9n4,2,9,False,True
K9n4,2,11,False,True
K9n4,2,13,False,True
K9n4,2,15,False,True
K9n5,2,3,False,True
K9n5,2,5,False,True
K9n5,2,7,False,True
K9n5,2,9,False,True
K9n5,2,11,False,True
K9n6,2,7,False,True
K9n6,2,9,False,True
K9n6,2,11,False,True
K9n6,2,13,False,True
K9n6,2,15,False,True
K9n7,2,11,True,True
K9n7,2,13,True,True
K9n7,2,15,True,True
K9n7,2,17,True,True
K9n7,2,19,True,True
K9n8,2,7,True,True
K9n8,2,9,True,True
K9n8,2,11,True,True
K9n8,2,13,True,True
K9n8,2,15,True,True
K10a1,2,11,False,True
K10a1,2,13,False,True
K10a1,2,15,False,True
K10a1,2,17,False,True
K10a1,2,19,False,True
K10a2,2,11,True,True
K10a2,2,13,True,True
K10a2,2,15,True,True
K10a2,2,17,True,True
K10a2,2,19,True,True
K10a3,2,11,False,True
K10a3,2,13,False,True
K10a3,2,15,False,True
K10a3,2,17,False,True
K10a3,2,19,False,True
K10a4,2,11,True,True
K10a4,2,13,True,True
K10a4,2,15,True,True
K10a4,2,17,True,True
K10a4,2,19,True,True
K10a5,2,7,True,True
K10a5,2,9,True,True
K10a5,2,11,True,True
K10a5,2,13,True,True
K10a5,2,15,True,True
K10a6,2,11,False,True
K10a6,2,13,False,True
K10a6,2,15,False,True
K10a6,2,17,False,True
K10a6,2,19,False,True
K10a7,2,11,False,True
K10a7,2,13,False,True
K10a7,2,15,False,True
K10a7,2,17,False,True
K10a7,2,19,False,True
K10a8,2,11,True,True
K10a8,2,13,True,True
K10a8,2,15,True,True
K10a8,2,17,True,True
K10a8,2,19,True,True
K10a9,2,7,True,True
K10a9,2,9,True,True
K10a9,2,11,True,True
K10a9,2,13,True,True
K10a9,2,15,True,True
K10a10,2,11,False,True
K10a10,2,13,False,True
K10a10,2,15,False,True
K10a10,2,17,False,True
K10a10,2,19,False,True
K10a11,2,11,False,True
K10a11,2,13,False,True
K10a11,2,15,False,True
K10a11,2,17,False,True
K10a11,2,19,False,True
K10a12,2,7,True,True
K10a12,2,9,True,True
K10a12,2,11,True,True
K10a12,2,13,True,True
K10a12,2,15,True,True
K10a13,2,11,True,True
K10a13,2,13,True,True
K10a13,2,15,True,True
K10a13,2,17,True,True
K10a13,2,19,True,True
K10a14,2,7,True,True
K10a14,2,9,True,True
K10a14,2,11,True,True
K10a14,2,13,True,True
K10a14,2,15,True,True
K10a15,2,15,True,True
K10a15,2,17,True,True
K10a15,2,19,True,True
K10a15,2,21,True,True
K10a15,2,23,True,True
K10a16,2,11,False,True
K10a16,2,13,False,True
K10a16,2,15,False,True
K10a16,2,17,False,True
K10a16,2,19,False,True
K10a17,2,11,True,True
K10a17,2,13,True,True
K10a17,2,15,True,True
K10a17,2,17,True,True
K10a17,2,19,True,True
K10a18,2,11,False,True
K10a18,2,13,False,True
K10a18,2,15,False,True
K10a18,2,17,False,True
K10a18,2,19,False,True
K10a19,2,7,False,True
K10a19,2,9,False,True
K10a19,2,11,False,True
K10a19,2,13,False,True
K10a19,2,15,False,True
K10a20,2,7,False,True
K10a20,2,9,False,True
K10a20,2,11,False,True
K10a20,2,13,False,True
K10a20,2,15,False,True
K10a21,2,11,False,True
K10a21,2,13,False,True
K10a21,2,15,False,True
K10a21,2,17,False,True
K10a21,2,19,False,True
K10a22,2,11,False,True
K10a22,2,13,False,True
K10a22,2,15,False,True
K10a22,2,17,False,True
K10a22,2,19,False,True
K10a23,2,7,False,True
K10a23,2,9,False,True
K10a23,2,11,False,True
K10a23,2,13,False,True
K10a23,2,15,False,True
K10a24,2,11,False,True
K10a24,2,13,False,True
K10a24,2,15,False,True
K10a24,2,17,False,True
K10a24,2,19,False,True
K10a25,2,11,False,True
K10a25,2,13,False,True
K10a25,2,15,False,True
K10a25,2,17,False,True
K10a25,2,19,False,True
K10a26,2,11,True,True
K10a26,2,13,True,True
K10a26,2,15,True,True
K10a26,2,17,True,True
K10a26,2,19,True,True
K10a27,2,11,False,True
K10a27,2,13,False,True
K10a27,2,15,False,True
K10a27,2,17,False,True
K10a27,2,19,False,True
K10a28,2,11,True,True
K10a28,2,13,True,True
K10a28,2,15,True,True
K10a28,2,17,True,True
K10a28,2,19,True,True
K10a29,2,7,True,True
K10a29,2,9,True,True
K10a29,2,11,True,True
K10a29,2,13,True,True
K10a29,2,15,True,True
K10a30,2,11,False,True
K10a30,2,13,False,True
K10a30,2,15,False,True
K10a30,2,17,False,True
K10a30,2,19,False,True
K10a31,2,11,False,True
K10a31,2,13,False,True
K10a31,2,15,False,True
K10a31,2,17,False,True
K10a31,2,19,False,True
K10a32,2,11,True,True
K10a32,2,13,True,True
K10a32,2,15,True,True
K10a32,2,17,True,True
K10a32,2,19,True,True
K10a33,2,11,True,True
K10a33,2,13,True,True
K10a33,2,15,True,True
K10a33,2,17,True,True
K10a33,2,19,True,True
K10a34,2,7,True,True
K10a34,2,9,True,True
K10a34,2,11,True,True
K10a34,2,13,True,True
K10a34,2,15,True,True
K10a35,2,11,True,True
K10a35,2,13,True,True
K10a35,2,15,True,True
K10a35,2,17,True,True
K10a35,2,19,True,True
K10a36,2,11,True,True
K10a36,2,13,True,True
K10a36,2,15,True,True
K10a36,2,17,True,True
K10a36,2,19,True,True
K10a37,2,7,True,True
K10a37,2,9,True,True
K10a37,2,11,True,True
K10a37,2,13,True,True
K10a37,2,15,True,True
K10a38,2,11,False,True
K10a38,2,13,False,True
K10a38,2,15,False,True
K10a38,2,17,False,True
K10a38,2,19,False,True
K10a39,2,11,False,True
K10a39,2,13,False,True
K10a39,2,15,False,True
K10a39,2,17,False,True
K10a39,2,19,False,True
K10a40,2,11,True,True
K10a40,2,13,True,True
K10a40,2,15,True,True
K10a40,2,17,True,True
K10a40,2,19,True,True
K10a41,2,15,True,True
K10a41,2,17,True,True
K10a41,2,19,True,True
K10a41,2,21,True,True
K10a41,2,23,True,True
K10a42,2,11,False,True
K10a42,2,13,False,True
K10a42,2,15,False,True
K10a42,2,17,False,True
K10a42,2,19,False,True
K10a43,2,11,False,True
K10a43,2,13,False,True
K10a43,2,15,False,True
K10a43,2,17,False,True
K10a43,2,19,False,True
K10a44,2,7,False,True
K10a44,2,9,False,True
K10a44,2,11,False,True
K10a44,2,13,False,True
K10a44,2,15,False,True
K10a45,2,7,True,True
K10a45,2,9,True,True
K10a45,2,11,True,True
K10a45,2,13,True,True
K10a45,2,15,True,True
K10a46,2,11,True,True
K10a46,2,13,True,True
K10a46,2,15,True,True
K10a46,2,17,True,True
K10a46,2,19,True,True
K10a47,2,11,False,True
K10a47,2,13,False,True
K10a47,2,15,False,True
K10a47,2,17,False,True
K10a47,2,19,False,True
K10a48,2,11,False,True
K10a48,2,13,False,True
K10a48,2,15,False,True
K10a48,2,17,False,True
K10a48,2,19,False,True
K10a49,2,7,False,True
K10a49,2,9,False,True
K10a49,2,11,False,True
K10a49,2,13,False,True
K10a49,2,15,False,True
K10a50,2,11,True,True
K10a50,2,13,True,True
K10a50,2,15,True,True
K10a50,2,17,True,True
K10a50,2,19,True,True
K10a51,2,7,True,True
K10a51,2,9,True,True
K10a51,2,11,True,True
K10a51,2,13,True,True
K10a51,2,15,True,True
K10a52,2,11,False,True
K10a52,2,13,False,True
K10a52,2,15,False,True
K10a52,2,17,False,True
K10a52,2,19,False,True
K10a53,2,11,True,True
K10a53,2,13,True,True
K10a53,2,15,True,True
K10a53,2,17,True,True
K10a53,2,19,True,True
K10a54,2,7,False,True
K10a54,2,9,False,True
K10a54,2,11,False,True
K10a54,2,13,False,True
K10a54,2,15,False,True
K10a55,2,11,False,True
K10a55,2,13,False,True
K10a55,2,15,False,True
K10a55,2,17,False,True
K10a55,2,19,False,True
K10a56,2,15,True,True
K10a56,2,17,True,True
K10a56,2,19,True,True
K10a56,2,21,True,True
K10a56,2,23,True,True
K10a57,2,11,False,True
K10a57,2,13,False,True
K10a57,2,15,False,True
K10a57,2,17,False,True
K10a57,2,19,False,True
K10a58,2,11,False,True
K10a58,2,13,False,True
K10a58,2,15,False,True
K10a58,2,17,False,True
K10a58,2,19,False,True
K10a59,2,15,True,True
K10a59,2,17,True,True
K10a59,2,19,True,True
K10a59,2,21,True,True
K10a59,2,23,True,True
K10a60,2,11,True,True
K10a60,2,13,True,True
K10a60,2,15,True,True
K10a60,2,17,True,True
K10a60,2,19,True,True
K10a61,2,11,True,True
K10a61,2,13,True,True
K10a61,2,15,True,True
K10a61,2,17,True,True
K10a61,2,19,True,True
K10a62,2,7,True,True
K10a62,2,9,True,True
K10a62,2,11,True,True
K10a62,2,13,True,True
K10a62,2,15,True,True
K10a63,2,7,True,True
K10a63,2,9,True,True
K10a63,2,11,True,True
K10a63,2,13,True,True
K10a63,2,15,True,True
K10a64,2,7,False,True
K10a64,2,9,False,True
K10a64,2,11,False,True
K10a64,2,13,False,True
K10a64,2,15,False,True
K10a65,2,7,True,True
K10a65,2,9,True,True
K10a65,2,11,True,True
K10a65,2,13,True,True
K10a65,2,15,True,True
K10a66,2,11,False,True
K10a66,2,13,False,True
K10a66,2,15,False,True
K10a66,2,17,False,True
K10a66,2,19,False,True
K10a67,2,7,False,True
K10a67,2,9,False,True
K10a67,2,11,False,True
K10a67,2,13,False,True
K10a67,2,15,False,True
K10a68,2,11,False,True
K10a68,2,13,False,True
K10a68,2,15,False,True
K10a68,2,17,False,True
K10a68,2,19,False,True
K10a69,2,7,False,True
K10a69,2,9,False,True
K10a69,2,11,False,True
K10a69,2,13,False,True
K10a69,2,15,False,True
K10a70,2,11,True,True
K10a70,2,13,True,True
K10a70,2,15,True,True
K10a70,2,17,True,True
K10a70,2,19,True,True
K10a71,2,7,True,True
K10a71,2,9,True,True
K10a71,2,11,True,True
K10a71,2,13,True,True
K10a71,2,15,True,True
K10a72,2,11,True,True
K10a72,2,13,True,True
K10a72,2,15,True,True
K10a72,2,17,True,True
K10a72,2,19,True,True
K10a73,2,11,True,True
K10a73,2,13,True,True
K10a73,2,15,True,True
K10a73,2,17,True,True
K10a73,2,19,True,True
K10a74,2,7,True,True
K10a74,2,9,True,True
K10a74,2,11,True,True
K10a74,2,13,True,True
K10a74,2,15,True,True
K10a75,2,3,False,True
K10a75,2,5,False,True
K10a75,2,7,False,True
K10a75,2,9,False,True
K10a75,2,11,False,True
K10a76,2,15,False,True
K10a76,2,17,False,True
K10a76,2,19,False,True
K10a76,2,21,False,True
K10a76,2,23,False,True
K10a77,2,11,False,True
K10a77,2,13,False,True
K10a77,2,15,False,True
K10a77,2,17,False,True
K10a77,2,19,False,True
K10a78,2,15,False,True
K10a78,2,17,False,True
K10a78,2,19,False,True
K10a78,2,21,False,True
K10a78,2,23,False,True
K10a79,2,15,False,True
K10a79,2,17,False,True
K10a79,2,19,False,True
K10a79,2,21,False,True
K10a79,2,23,False,True
K10a80,2,11,True,True
K10a80,2,13,True,True
K10a80,2,15,True,True
K10a80,2,17,True,True
K10a80,2,19,True,True
K10a81,2,15,True,True
K10a81,2,17,True,True
K10a81,2,19,True,True
K10a81,2,21,True,True
K10a81,2,23,True,True
K10a82,2,11,True,True
K10a82,2,13,True,True
K10a82,2,15,True,True
K10a82,2,17,True,True
K10a82,2,19,True,True
K10a83,2,15,True,True
K10a83,2,17,True,True
K10a83,2,19,True,True
K10a83,2,21,True,True
K10a83,2,23,True,True
K10a84,2,11,False,True
K10a84,2,13,False,True
K10a84,2,15,False,True
K10a84,2,17,False,True
K10a84,2,19,False,True
K10a85,2,11,False,True
K10a85,2,13,False,True
K10a85,2,15,False,True
K10a85,2,17,False,True
K10a85,2,19,False,True
K10a86,2,15,True,True
K10a86,2,17,True,True
K10a86,2,19,True,True
K10a86,2,21,True,True
K10a86,2,23,True,True
K10a87,2,11,False,True
K10a87,2,13,False,True
K10a87,2,15,False,True
K10a87,2,17,False,True
K10a87,2,19,False,True
K10a88,2,15,False,True
K10a88,2,17,False,True
K10a88,2,19,False,True
K10a88,2,21,False,True
K10a88,2,23,False,True
K10a89,2,11,False,True
K10a89,2,13,False,True
K10a89,2,15,False,True
K10a89,2,17,False,True
K10a89,2,19,False,True
K10a90,2,11,True,True
K10a90,2,13,True,True
K10a90,2,15,True,True
K10a90,2,17,True,True
K10a90,2,19,True,True
K10a91,2,15,True,True
K10a91,2,17,True,True
K10a91,2,19,True,True
K10a91,2,21,True,True
K10a91,2,23,True,True
K10a92,2,11,False,True
K10a92,2,13,False,True
K10a92,2,15,False,True
K10a92,2,17,False,True
K10a92,2,19,False,True
K10a93,2,15,False,True
K10a93,2,17,False,True
K10a93,2,19,False,True
K10a93,2,21,False,True
K10a93,2,23,False,True
K10a94,2,11,False,True
K10a94,2,13,False,True
K10a94,2,15,False,True
K10a94,2,17,False,True
K10a94,2,19,False,True
K10a95,2,15,True,True
K10a95,2,17,True,True
K10a95,2,19,True,True
K10a95,2,21,True,True
K10a95,2,23,True,True
K10a96,2,11,True,True
K10a96,2,13,True,True
K10a96,2,15,True,True
K10a96,2,17,True,True
K10a96,2,19,True,True
K10a97,2,11,False,True
K10a97,2,13,False,True
K10a97,2,15,False,True
K10a97,2,17,False,True
K10a97,2,19,False,True
K10a98,2,11,True,True
K10a98,2,13,True,True
K10a98,2,15,True,True
K10a98,2,17,True,True
K10a98,2,19,True,True
K10a99,2,11,False,True
K10a99,2,13,False,True
K10a99,2,15,False,True
K10a99,2,17,False,True
K10a99,2,19,False,True
K10a100,2,11,True,True
K10a100,2,13,True,True
K10a100,2,15,True,True
K10a100,2,17,True,True
K10a100,2,19,True,True
K10a101,2,11,False,True
K10a101,2,13,False,True
K10a101,2,15,False,True
K10a101,2,17,False,True
K10a101,2,19,False,True
K10a102,2,7,True,True
K10a102,2,9,True,True
K10a102,2,11,True,True
K10a102,2,13,True,True
K10a102,2,15,True,True
K10a103,2,15,False,True
K10a103,2,17,False,True
K10a103,2,19,False,True
K10a103,2,21,False,True
K10a103,2,23,False,True
K10a104,2,15,True,True
K10a104,2,17,True,True
K10a104,2,19,True,True
K10a104,2,21,True,True
K10a104,2,23,True,True
K10a105,2,11,False,True
K10a105,2,13,False,True
K10a105,2,15,False,True
K10a105,2,17,False,True
K10a105,2,19,False,True
K10a106,2,15,False,True
K10a106,2,17,False,True
K10a106,2,19,False,True
K10a106,2,21,False,True
K10a106,2,23,False,True
K10a107,2,15,False,True
K10a107,2,17,False,True
K10a107,2,19,False,True
K10a107,2,21,False,True
K10a107,2,23,False,True
K10a108,2,11,True,True
K10a108,2,13,True,True
K10a108,2,15,True,True
K10a108,2,17,True,True
K10a108,2,19,True,True
K10a109,2,7,False,True
K10a109,2,9,False,True
K10a109,2,11,False,True
K10a109,2,13,False,True
K10a109,2,15,False,True
K10a110,2,15,True,True
K10a110,2,17,True,True
K10a110,2,19,True,True
K10a110,2,21,True,True
K10a110,2,23,True,True
K10a111,2,11,False,True
K10a111,2,13,False,True
K10a111,2,15,False,True
K10a111,2,17,False,True
K10a111,2,19,False,True
K10a112,2,11,False,True
K10a112,2,13,False,True
K10a112,2,15,False,True
K10a112,2,17,False,True
K10a112,2,19,False,True
K10a113,2,7,False,True
K10a113,2,9,False,True
K10a113,2,11,False,True
K10a113,2,13,False,True
K10a113,2,15,False,True
K10a114,2,11,True,True
K10a114,2,13,True,True
K10a114,2,15,True,True
K10a114,2,17,True,True
K10a114,2,19,True,True
K10a115,2,7,True,True
K10a115,2,9,True,True
K10a115,2,11,True,True
K10a115,2,13,True,True
K10a115,2,15,True,True
K10a116,2,7,True,True
K10a116,2,9,True,True
K10a116,2,11,True,True
K10a116,2,13,True,True
K10a116,2,15,True,True
K10a117,2,3,False,True
K10a117,2,5,False,True
K10a117,2,7,False,True
K10a117,2,9,False,True
K10a117,2,11,False,True
K10a118,2,15,False,True
K10a118,2,17,False,True
K10a118,2,19,False,True
K10a118,2,21,False,True
K10a118,2,23,False,True
K10a119,2,11,True,True
K10a119,2,13,True,True
K10a119,2,15,True,True
K10a119,2,17,True,True
K10a119,2,19,True,True
K10a120,2,15,False,True
K10a120,2,17,False,True
K10a120,2,19,False,True
K10a120,2,21,False,True
K10a120,2,23,False,True
K10a121,2,15,False,True
K10a121,2,17,False,True
K10a121,2,19,False,True
K10a121,2,21,False,True
K10a121,2,23,False,True
K10a122,2,15,True,True
K10a122,2,17,True,True
K10a122,2,19,True,True
K10a122,2,21,True,True
K10a122,2,23,True,True
K10a123,2,11,True,True
K10a123,2,13,True,True
K10a123,2,15,True,True
K10a123,2,17,True,True
K10a123,2,19,True,True
K10n1,2,11,True,True
K10n1,2,13,True,True
K10n1,2,15,True,True
K10n1,2,17,True,True
K10n1,2,19,True,True
K10n2,2,7,False,True
K10n2,2,9,False,True
K10n2,2,11,False,True
K10n2,2,13,False,True
K10n2,2,15,False,True
K10n3,2,7,False,True
K10n3,2,9,False,True
K10n3,2,11,False,True
K10n3,2,13,False,True
K10n3,2,15,False,True
K10n4,2,7,True,True
K10n4,2,9,True,True
K10n4,2,11,True,True
K10n4,2,13,True,True
K10n4,2,15,True,True
K10n5,2,7,False,True
K10n5,2,9,False,True
K10n5,2,11,False,True
K10n5,2,13,False,True
K10n5,2,15,False,True
K10n6,2,11,True,True
K10n6,2,13,True,True
K10n6,2,15,True,True
K10n6,2,17,True,True
K10n6,2,19,True,True
K10n7,2,11,True,True
K10n7,2,13,True,True
K10n7,2,15,True,True
K10n7,2,17,True,True
K10n7,2,19,True,True
K10n8,2,11,False,True
K10n8,2,13,False,True
K10n8,2,15,False,True
K10n8,2,17,False,True
K10n8,2,19,False,True
K10n9,2,11,True,True
K10n9,2,13,True,True
K10n9,2,15,True,True
K10n9,2,17,True,True
K10n9,2,19,True,True
K10n10,2,11,False,True
K10n10,2,13,False,True
K10n10,2,15,False,True
K10n10,2,17,False,True
K10n10,2,19,False,True
K10n11,2,11,True,True
K10n11,2,13,True,True
K10n11,2,15,True,True
K10n11,2,17,True,True
K10n11,2,19,True,True
K10n12,2,11,False,True
K10n12,2,13,False,True
K10n12,2,15,False,True
K10n12,2,17,False,True
K10n12,2,19,False,True
K10n13,2,7,False,True
K10n13,2,9,False,True
K10n13,2,11,False,True
K10n13,2,13,False,True
K10n13,2,15,False,True
K10n14,2,7,True,True
K10n14,2,9,True,True
K10n14,2,11,True,True
K10n14,2,13,True,True
K10n14,2,15,True,True
K10n15,2,11,False,True
K10n15,2,13,False,True
K10n15,2,15,False,True
K10n15,2,17,False,True
K10n15,2,19,False,True
K10n16,2,11,True,True
K10n16,2,13,True,True
K10n16,2,15,True,True
K10n16,2,17,True,True
K10n16,2,19,True,True
K10n17,2,11,False,True
K10n17,2,13,False,True
K10n17,2,15,False,True
K10n17,2,17,False,True
K10n17,2,19,False,True
K10n18,2,7,False,True
K10n18,2,9,False,True
K10n18,2,11,False,True
K10n18,2,13,False,True
K10n18,2,15,False,True
K10n19,2,7,True,True
K10n19,2,9,True,True
K10n19,2,11,True,True
K10n19,2,13,True,True
K10n19,2,15,True,True
K10n20,2,7,False,True
K10n20,2,9,False,True
K10n20,2,11,False,True
K10n20,2,13,False,True
K10n20,2,15,False,True
K10n22,2,11,True,True
K10n22,2,13,True,True
K10n22,2,15,True,True
K10n22,2,17,True,True
K10n22,2,19,True,True
K10n23,2,7,False,True
K10n23,2,9,False,True
K10n23,2,11,False,True
K10n23,2,13,False,True
K10n23,2,15,False,True
K10n24,2,7,True,True
K10n24,2,9,True,True
K10n24,2,11,True,True
K10n24,2,13,True,True
K10n24,2,15,True,True
K10n25,2,11,False,True
K10n25,2,13,False,True
K10n25,2,15,False,True
K10n25,2,17,False,True
K10n25,2,19,False,True
K10n26,2,11,False,True
K10n26,2,13,False,True
K10n26,2,15,False,True
K10n26,2,17,False,True
K10n26,2,19,False,True
K10n27,2,15,True,True
K10n27,2,17,True,True
K10n27,2,19,True,True
K10n27,2,21,True,True
K10n27,2,23,True,True
K10n28,2,7,True,True
K10n28,2,9,True,True
K10n28,2,11,True,True
K10n28,2,13,True,True
K10n28,2,15,True,True
K10n29,2,7,False,True
K10n29,2,9,False,True
K10n29,2,11,False,True
K10n29,2,13,False,True
K10n29,2,15,False,True
K10n30,2,11,True,True
K10n30,2,13,True,True
K10n30,2,15,True,True
K10n30,2,17,True,True
K10n30,2,19,True,True
K10n31,2,11,True,True
K10n31,2,13,True,True
K10n31,2,15,True,True
K10n31,2,17,True,True
K10n31,2,19,True,True
K10n32,2,11,False,True
K10n32,2,13,False,True
K10n32,2,15,False,True
K10n32,2,17,False,True
K10n32,2,19,False,True
K10n33,2,11,True,True
K10n33,2,13,True,True
K10n33,2,15,True,True
K10n33,2,17,True,True
K10n33,2,19,True,True
K10n34,2,11,True,True
K10n34,2,13,True,True
K10n34,2,15,True,True
K10n34,2,17,True,True
K10n34,2,19,True,True
K10n35,2,11,True,True
K10n35,2,13,True,True
K10n35,2,15,True,True
K10n35,2,17,True,True
K10n35,2,19,True,True
K10n36,2,15,True,True
K10n36,2,17,True,True
K10n36,2,19,True,True
K10n36,2,21,True,True
K10n36,2,23,True,True
K10n37,2,7,False,True
K10n37,2,9,False,True
K10n37,2,11,False,True
K10n37,2,13,False,True
K10n37,2,15,False,True
K10n38,2,7,False,True
K10n38,2,9,False,True
K10n38,2,11,False,True
K10n38,2,13,False,True
K10n38,2,15,False,True
K10n39,2,11,False,True
K10n39,2,13,False,True
K10n39,2,15,False,True
K10n39,2,17,False,True
K10n39,2,19,False,True
K10n40,2,7,False,True
K10n40,2,9,False,True
K10n40,2,11,False,True
K10n40,2,13,False,True
K10n40,2,15,False,True
K10n41,2,11,False,True
K10n41,2,13,False,True
K10n41,2,15,False,True
K10n41,2,17,False,True
K10n41,2,19,False,True
K10n42,2,11,True,True
K10n42,2,13,True,True
K10n42,2,15,True,True
K10n42,2,17,True,True
K10n42,2,19,True,True
K11a1,2,11,True,True
K11a1,2,13,True,True
K11a1,2,15,True,True
K11a1,2,17,True,True
K11a1,2,19,True,True
K11a2,2,11,True,True
K11a2,2,13,True,True
K11a2,2,15,True,True
K11a2,2,17,True,True
K11a2,2,19,True,True
K11a3,2,15,False,True
K11a3,2,17,False,True
K11a3,2,19,False,True
K11a3,2,21,False,True
K11a3,2,23,False,True
K11a4,2,11,False,True
K11a4,2,13,False,True
K11a4,2,15,False,True
K11a4,2,17,False,True
K11a4,2,19,False,True
K11a5,2,11,False,True
K11a5,2,13,False,True
K11a5,2,15,False,True
K11a5,2,17,False,True
K11a5,2,19,False,True
K11a6,2,11,True,True
K11a6,2,13,True,True
K11a6,2,15,True,True
K11a6,2,17,True,True
K11a6,2,19,True,True
K11a7,2,15,False,True
K11a7,2,17,False,True
K11a7,2,19,False,True
K11a7,2,21,False,True
K11a7,2,23,False,True
K11a8,2,11,False,True
K11a8,2,13,False,True
K11a8,2,15,False,True
K11a8,2,17,False,True
K11a8,2,19,False,True
K11a9,2,15,True,True
K11a9,2,17,True,True
K11a9,2,19,True,True
K11a9,2,21,True,True
K11a9,2,23,True,True
K11a10,2,11,True,True
K11a10,2,13,True,True
K11a10,2,15,True,True
K11a10,2,17,True,True
K11a10,2,19,True,True
K11a11,2,11,False,True
K11a11,2,13,False,True
K11a11,2,15,False,True
K11a11,2,17,False,True
K11a11,2,19,False,True
K11a12,2,11,True,True
K11a12,2,13,True,True
K11a12,2,15,True,True
K11a12,2,17,True,True
K11a12,2,19,True,True
K11a13,2,7,False,True
K11a13,2,9,False,True
K11a13,2,11,False,True
K11a13,2,13,False,True
K11a13,2,15,False,True
K11a14,2,15,False,True
K11a14,2,17,False,True
K11a14,2,19,False,True
K11a14,2,21,False,True
K11a14,2,23,False,True
K11a15,2,15,False,True
K11a15,2,17,False,True
K11a15,2,19,False,True
K11a15,2,21,False,True
K11a15,2,23,False,True
K11a16,2,11,False,True
K11a16,2,13,False,True
K11a16,2,15,False,True
K11a16,2,17,False,True
K11a16,2,19,False,True
K11a17,2,11,True,True
K11a17,2,13,True,True
K11a17,2,15,True,True
K11a17,2,17,True,True
K11a17,2,19,True,True
K11a18,2,11,True,True
K11a18,2,13,True,True
K11a18,2,15,True,True
K11a18,2,17,True,True
K11a18,2,19,True,True
K11a19,2,15,True,True
K11a19,2,17,True,True
K11a19,2,19,True,True
K11a19,2,21,True,True
K11a19,2,23,True,True
K11a20,2,11,True,True
K11a20,2,13,True,True
K11a20,2,15,True,True
K11a20,2,17,True,True
K11a20,2,19,True,True
K11a21,2,7,True,True
K11a21,2,9,True,True
K11a21,2,11,True,True
K11a21,2,13,True,True
K11a21,2,15,True,True
K11a22,2,15,True,True
K11a22,2,17,True,True
K11a22,2,19,True,True
K11a22,2,21,True,True
K11a22,2,23,True,True
K11a23,2,11,True,True
K11a23,2,13,True,True
K11a23,2,15,True,True
K11a23,2,17,True,True
K11a23,2,19,True,True
K11a24,2,15,False,True
K11a24,2,17,False,True
K11a24,2,19,False,True
K11a24,2,21,False,True
K11a24,2,23,False,True
K11a25,2,15,True,True
K11a25,2,17,True,True
K11a25,2,19,True,True
K11a25,2,21,True,True
K11a25,2,23,True,True
K11a26,2,15,False,True
K11a26,2,17,False,True
K11a26,2,19,False,True
K11a26,2,21,False,True
K11a26,2,23,False,True
K11a27,2,11,False,True
K11a27,2,13,False,True
K11a27,2,15,False,True
K11a27,2,17,False,True
K11a27,2,19,False,True
K11a28,2,15,False,True
K11a28,2,17,False,True
K11a28,2,19,False,True
K11a28,2,21,False,True
K11a28,2,23,False,True
K11a29,2,11,False,True
K11a29,2,13,False,True
K11a29,2,15,False,True
K11a29,2,17,False,True
K11a29,2,19,False,True
K11a30,2,11,False,True
K11a30,2,13,False,True
K11a30,2,15,False,True
K11a30,2,17,False,True
K11a30,2,19,False,True
K11a31,2,11,True,True
K11a31,2,13,True,True
K11a31,2,15,True,True
K11a31,2,17,True,True
K11a31,2,19,True,True
K11a32,2,11,True,True
K11a32,2,13,True,True
K11a32,2,15,True,True
K11a32,2,17,True,True
K11a32,2,19,True,True
K11a33,2,15,False,True
K11a33,2,17,False,True
K11a33,2,19,False,True
K11a33,2,21,False,True
K11a33,2,23,False,True
K11a34,2,15,True,True
K11a34,2,17,True,True
K11a34,2,19,True,True
K11a34,2,21,True,True
K11a34,2,23,True,True
K11a35,2,15,False,True
K11a35,2,17,False,True
K11a35,2,19,False,True
K11a35,2,21,False,True
K11a35,2,23,False,True
K11a36,2,11,False,True
K11a36,2,13,False,True
K11a36,2,15,False,True
K11a36,2,17,False,True
K11a36,2,19,False,True
K11a37,2,11,False,True
K11a37,2,13,False,True
K11a37,2,15,False,True
K11a37,2,17,False,True
K11a37,2,19,False,True
K11a38,2,11,False,True
K11a38,2,13,False,True
K11a38,2,15,False,True
K11a38,2,17,False,True
K11a38,2,19,False,True
K11a39,2,11,False,True
K11a39,2,13,False,True
K11a39,2,15,False,True
K11a39,2,17,False,True
K11a39,2,19,False,True
K11a40,2,15,True,True
K11a40,2,17,True,True
K11a40,2,19,True,True
K11a40,2,21,True,True
K11a40,2,23,True,True
K11a41,2,11,True,True
K11a41,2,13,True,True
K11a41,2,15,True,True
K11a41,2,17,True,True
K11a41,2,19,True,True
K11a42,2,11,True,True
K11a42,2,13,True,True
K11a42,2,15,True,True
K11a42,2,17,True,True
K11a42,2,19,True,True
K11a43,2,11,True,True
K11a43,2,13,True,True
K11a43,2,15,True,True
K11a43,2,17,True,True
K11a43,2,19,True,True
K11a44,2,15,False,True
K11a44,2,17,False,True
K11a44,2,19,False,True
K11a44,2,21,False,True
K11a44,2,23,False,True
K11a45,2,7,True,True
K11a45,2,9,True,True
K11a45,2,11,True,True
K11a45,2,13,True,True
K11a45,2,15,True,True
K11a46,2,11,True,True
K11a46,2,13,True,True
K11a46,2,15,True,True
K11a46,2,17,True,True
K11a46,2,19,True,True
K11a47,2,15,False,True
K11a47,2,17,False,True
K11a47,2,19,False,True
K11a47,2,21,False,True
K11a47,2,23,False,True
K11a48,2,11,True,True
K11a48,2,13,True,True
K11a48,2,15,True,True
K11a48,2,17,True,True
K11a48,2,19,True,True
K11a49,2,11,True,True
K11a49,2,13,True,True
K11a49,2,15,True,True
K11a49,2,17,True,True
K11a49,2,19,True,True
K11a50,2,7,True,True
K11a50,2,9,True,True
K11a50,2,11,True,True
K11a50,2,13,True,True
K11a50,2,15,True,True
K11a51,2,11,False,True
K11a51,2,13,False,True
K11a51,2,15,False,True
K11a51,2,17,False,True
K11a51,2,19,False,True
K11a52,2,11,False,True
K11a52,2,13,False,True
K11a52,2,15,False,True
K11a52,2,17,False,True
K11a52,2,19,False,True
K11a53,2,15,True,True
K11a53,2,17,True,True
K11a53,2,19,True,True
K11a53,2,21,True,True
K11a53,2,23,True,True
K11a54,2,11,False,True
K11a54,2,13,False,True
K11a54,2,15,False,True
K11a54,2,17,False,True
K11a54,2,19,False,True
K11a55,2,15,False,True
K11a55,2,17,False,True
K11a55,2,19,False,True
K11a55,2,21,False,True
K11a55,2,23,False,True
K11a56,2,11,False,True
K11a56,2,13,False,True
K11a56,2,15,False,True
K11a56,2,17,False,True
K11a56,2,19,False,True
K11a57,2,15,False,True
K11a57,2,17,False,True
K11a57,2,19,False,True
K11a57,2,21,False,True
K11a57,2,23,False,True
K11a58,2,11,False,True
K11a58,2,13,False,True
K11a58,2,15,False,True
K11a58,2,17,False,True
K11a58,2,19,False,True
K11a59,2,7,True,True
K11a59,2,9,True,True
K11a59,2,11,True,True
K11a59,2,13,True,True
K11a59,2,15,True,True
K11a60,2,11,True,True
K11a60,2,13,True,True
K11a60,2,15,True,True
K11a60,2,17,True,True
K11a60,2,19,True,True
K11a61,2,7,True,True
K11a61,2,9,True,True
K11a61,2,11,True,True
K11a61,2,13,True,True
K11a61,2,15,True,True
K11a62,2,15,True,True
K11a62,2,17,True,True
K11a62,2,19,True,True
K11a62,2,21,True,True
K11a62,2,23,True,True
K11a63,2,11,True,True
K11a63,2,13,True,True
K11a63,2,15,True,True
K11a63,2,17,True,True
K11a63,2,19,True,True
K11a64,2,11,True,True
K11a64,2,13,True,True
K11a64,2,15,True,True
K11a64,2,17,True,True
K11a64,2,19,True,True
K11a65,2,7,False,True
K11a65,2,9,False,True
K11a65,2,11,False,True
K11a65,2,13,False,True
K11a65,2,15,False,True
K11a66,2,15,False,True
K11a66,2,17,False,True
K11a66,2,19,False,True
K11a66,2,21,False,True
K11a66,2,23,False,True
K11a67,2,11,False,True
K11a67,2,13,False,True
K11a67,2,15,False,True
K11a67,2,17,False,True
K11a67,2,19,False,True
K11a68,2,15,True,True
K11a68,2,17,True,True
K11a68,2,19,True,True
K11a68,2,21,True,True
K11a68,2,23,True,True
K11a69,2,11,False,True
K11a69,2,13,False,True
K11a69,2,15,False,True
K11a69,2,17,False,True
K11a69,2,19,False,True
K11a70,2,11,True,True
K11a70,2,13,True,True
K11a70,2,15,True,True
K11a70,2,17,True,True
K11a70,2,19,True,True
K11a71,2,15,True,True
K11a71,2,17,True,True
K11a71,2,19,True,True
K11a71,2,21,True,True
K11a71,2,23,True,True
K11a72,2,15,False,True
K11a72,2,17,False,True
K11a72,2,19,False,True
K11a72,2,21,False,True
K11a72,2,23,False,True
K11a73,2,15,False,True
K11a73,2,17,False,True
K11a73,2,19,False,True
K11a73,2,21,False,True
K11a73,2,23,False,True
K11a74,2,15,True,True
K11a74,2,17,True,True
K11a74,2,19,True,True
K11a74,2,21,True,True
K11a74,2,23,True,True
K11a75,2,11,True,True
K11a75,2,13,True,True
K11a75,2,15,True,True
K11a75,2,17,True,True
K11a75,2,19,True,True
K11a76,2,15,False,True
K11a76,2,17,False,True
K11a76,2,19,False,True
K11a76,2,21,False,True
K11a76,2,23,False,True
K11a77,2,11,False,True
K11a77,2,13,False,True
K11a77,2,15,False,True
K11a77,2,17,False,True
K11a77,2,19,False,True
K11a78,2,11,True,True
K11a78,2,13,True,True
K11a78,2,15,True,True
K11a78,2,17,True,True
K11a78,2,19,True,True
K11a79,2,15,False,True
K11a79,2,17,False,True
K11a79,2,19,False,True
K11a79,2,21,False,True
K11a79,2,23,False,True
K11a80,2,15,False,True
K11a80,2,17,False,True
K11a80,2,19,False,True
K11a80,2,21,False,True
K11a80,2,23,False,True
K11a81,2,15,True,True
K11a81,2,17,True,True
K11a81,2,19,True,True
K11a81,2,21,True,True
K11a81,2,23,True,True
K11a82,2,15,False,True
K11a82,2,17,False,True
K11a82,2,19,False,True
K11a82,2,21,False,True
K11a82,2,23,False,True
K11a83,2,15,True,True
K11a83,2,17,True,True
K11a83,2,19,True,True
K11a83,2,21,True,True
K11a83,2,23,True,True
K11a84,2,11,False,True
K11a84,2,13,False,True
K11a84,2,15,False,True
K11a84,2,17,False,True
K11a84,2,19,False,True
K11a85,2,11,True,True
K11a85,2,13,True,True
K11a85,2,15,True,True
K11a85,2,17,True,True
K11a85,2,19,True,True
K11a86,2,15,True,True
K11a86,2,17,True,True
K11a86,2,19,True,True
K11a86,2,21,True,True
K11a86,2,23,True,True
K11a87,2,11,False,True
K11a87,2,13,False,True
K11a87,2,15,False,True
K11a87,2,17,False,True
K11a87,2,19,False,True
K11a88,2,15,False,True
K11a88,2,17,False,True
K11a88,2,19,False,True
K11a88,2,21,False,True
K11a88,2,23,False,True
K11a89,2,11,True,True
K11a89,2,13,True,True
K11a89,2,15,True,True
K11a89,2,17,True,True
K11a89,2,19,True,True
K11a90,2,11,False,True
K11a90,2,13,False,True
K11a90,2,15,False,True
K11a90,2,17,False,True
K11a90,2,19,False,True
K11a91,2,11,False,True
K11a91,2,13,False,True
K11a91,2,15,False,True
K11a91,2,17,False,True
K11a91,2,19,False,True
K11a92,2,15,False,True
K11a92,2,17,False,True
K11a92,2,19,False,True
K11a92,2,21,False,True
K11a92,2,23,False,True
K11a93,2,11,False,True
K11a93,2,13,False,True
K11a93,2,15,False,True
K11a93,2,17,False,True
K11a93,2,19,False,True
K11a94,2,11,True,True
K11a94,2,13,True,True
K11a94,2,15,True,True
K11a94,2,17,True,True
K11a94,2,19,True,True
K11a95,2,7,True,True
K11a95,2,9,True,True
K11a95,2,11,True,True
K11a95,2,13,True,True
K11a95,2,15,True,True
K11a96,2,11,False,True
K11a96,2,13,False,True
K11a96,2,15,False,True
K11a96,2,17,False,True
K11a96,2,19,False,True
K11a97,2,11,True,True
K11a97,2,13,True,True
K11a97,2,15,True,True
K11a97,2,17,True,True
K11a97,2,19,True,True
K11a98,2,7,False,True
K11a98,2,9,False,True
K11a98,2,11,False,True
K11a98,2,13,False,True
K11a98,2,15,False,True
K11a99,2,15,True,True
K11a99,2,17,True,True
K11a99,2,19,True,True
K11a99,2,21,True,True
K11a99,2,23,True,True
K11a100,2,11,True,True
K11a100,2,13,True,True
K11a100,2,15,True,True
K11a100,2,17,True,True
K11a100,2,19,True,True
K11a101,2,11,True,True
K11a101,2,13,True,True
K11a101,2,15,True,True
K11a101,2,17,True,True
K11a101,2,19,True,True
K11a102,2,11,True,True
K11a102,2,13,True,True
K11a102,2,15,True,True
K11a102,2,17,True,True
K11a102,2,19,True,True
K11a103,2,7,False,True
K11a103,2,9,False,True
K11a103,2,11,False,True
K11a103,2,13,False,True
K11a103,2,15,False,True
K11a104,2,11,False,True
K11a104,2,13,False,True
K11a104,2,15,False,True
K11a104,2,17,False,True
K11a104,2,19,False,True
K11a105,2,11,True,True
K11a105,2,13,True,True
K11a105,2,15,True,True
K11a105,2,17,True,True
K11a105,2,19,True,True
K11a106,2,15,False,True
K11a106,2,17,False,True
K11a106,2,19,False,True
K11a106,2,21,False,True
K11a106,2,23,False,True
K11a107,2,11,True,True
K11a107,2,13,True,True
K11a107,2,15,True,True
K11a107,2,17,True,True
K11a107,2,19,True,True
K11a108,2,15,False,True
K11a108,2,17,False,True
K11a108,2,19,False,True
K11a108,2,21,False,True
K11a108,2,23,False,True
K11a109,2,15,False,True
K11a109,2,17,False,True
K11a109,2,19,False,True
K11a109,2,21,False,True
K11a109,2,23,False,True
K11a110,2,11,False,True
K11a110,2,13,False,True
K11a110,2,15,False,True
K11a110,2,17,False,True
K11a110,2,19,False,True
K11a111,2,11,True,True
K11a111,2,13,True,True
K11a111,2,15,True,True
K11a111,2,17,True,True
K11a111,2,19,True,True
K11a112,2,15,False,True
K11a112,2,17,False,True
K11a112,2,19,False,True
K11a112,2,21,False,True
K11a112,2,23,False,True
K11a113,2,15,True,True
K11a113,2,17,True,True
K11a113,2,19,True,True
K11a113,2,21,True,True
K11a113,2,23,True,True
K11a114,2,11,True,True
K11a114,2,13,True,True
K11a114,2,15,True,True
K11a114,2,17,True,True
K11a114,2,19,True,True
K11a115,2,11,False,True
K11a115,2,13,False,True
K11a115,2,15,False,True
K11a115,2,17,False,True
K11a115,2,19,False,True
K11a116,2,11,True,True
K11a116,2,13,True,True
K11a116,2,15,True,True
K11a116,2,17,True,True
K11a116,2,19,True,True
K11a117,2,11,True,True
K11a117,2,13,True,True
K11a117,2,15,True,True
K11a117,2,17,True,True
K11a117,2,19,True,True
K11a118,2,11,True,True
K11a118,2,13,True,True
K11a118,2,15,True,True
K11a118,2,17,True,True
K11a118,2,19,True,True
K11a119,2,7,False,True
K11a119,2,9,False,True
K11a119,2,11,False,True
K11a119,2,13,False,True
K11a119,2,15,False,True
K11a120,2,11,True,True
K11a120,2,13,True,True
K11a120,2,15,True,True
K11a120,2,17,True,True
K11a120,2,19,True,True
K11a121,2,11,False,True
K11a121,2,13,False,True
K11a121,2,15,False,True
K11a121,2,17,False,True
K11a121,2,19,False,True
K11a122,2,11,False,True
K11a122,2,13,False,True
K11a122,2,15,False,True
K11a122,2,17,False,True
K11a122,2,19,False,True
K11a123,2,7,True,True
K11a123,2,9,True,True
K11a123,2,11,True,True
K11a123,2,13,True,True
K11a123,2,15,True,True
K11a124,2,11,True,True
K11a124,2,13,True,True
K11a124,2,15,True,True
K11a124,2,17,True,True
K11a124,2,19,True,True
K11a125,2,15,True,True
K11a125,2,17,True,True
K11a125,2,19,True,True
K11a125,2,21,True,True
K11a125,2,23,True,True
K11a126,2,15,False,True
K11a126,2,17,False,True
K11a126,2,19,False,True
K11a126,2,21,False,True
K11a126,2,23,False,True
K11a127,2,15,True,True
K11a127,2,17,True,True
K11a127,2,19,True,True
K11a127,2,21,True,True
K11a127,2,23,True,True
K11a128,2,11,False,True
K11a128,2,13,False,True
K11a128,2,15,False,True
K11a128,2,17,False,True
K11a128,2,19,False,True
K11a129,2,15,True,True
K11a129,2,17,True,True
K11a129,2,19,True,True
K11a129,2,21,True,True
K11a129,2,23,True,True
K11a130,2,11,False,True
K11a130,2,13,False,True
K11a130,2,15,False,True
K11a130,2,17,False,True
K11a130,2,19,False,True
K11a131,2,15,False,True
K11a131,2,17,False,True
K11a131,2,19,False,True
K11a131,2,21,False,True
K11a131,2,23,False,True
K11a132,2,11,True,True
K11a132,2,13,True,True
K11a132,2,15,True,True
K11a132,2,17,True,True
K11a132,2,19,True,True
K11a133,2,7,True,True
K11a133,2,9,True,True
K11a133,2,11,True,True
K11a133,2,13,True,True
K11a133,2,15,True,True
K11a134,2,11,True,True
K11a134,2,13,True,True
K11a134,2,15,True,True
K11a134,2,17,True,True
K11a134,2,19,True,True
K11a135,2,11,False,True
K11a135,2,13,False,True
K11a135,2,15,False,True
K11a135,2,17,False,True
K11a135,2,19,False,True
K11a136,2,11,False,True
K11a136,2,13,False,True
K11a136,2,15,False,True
K11a136,2,17,False,True
K11a136,2,19,False,True
K11a137,2,11,False,True
K11a137,2,13,False,True
K11a137,2,15,False,True
K11a137,2,17,False,True
K11a137,2,19,False,True
K11a138,2,11,False,True
K11a138,2,13,False,True
K11a138,2,15,False,True
K11a138,2,17,False,True
K11a138,2,19,False,True
K11a139,2,15,True,True
K11a139,2,17,True,True
K11a139,2,19,True,True
K11a139,2,21,True,True
K11a139,2,23,True,True
K11a140,2,11,True,True
K11a140,2,13,True,True
K11a140,2,15,True,True
K11a140,2,17,True,True
K11a140,2,19,True,True
K11a141,2,11,False,True
K11a141,2,13,False,True
K11a141,2,15,False,True
K11a141,2,17,False,True
K11a141,2,19,False,True
K11a142,2,15,True,True
K11a142,2,17,True,True
K11a142,2,19,True,True
K11a142,2,21,True,True
K11a142,2,23,True,True
K11a143,2,11,True,True
K11a143,2,13,True,True
K11a143,2,15,True,True
K11a143,2,17,True,True
K11a143,2,19,True,True
K11a144,2,11,True,True
K11a144,2,13,True,True
K11a144,2,15,True,True
K11a144,2,17,True,True
K11a144,2,19,True,True
K11a145,2,7,False,True
K11a145,2,9,False,True
K11a145,2,11,False,True
K11a145,2,13,False,True
K11a145,2,15,False,True
K11a146,2,15,False,True
K11a146,2,17,False,True
K11a146,2,19,False,True
K11a146,2,21,False,True
K11a146,2,23,False,True
K11a147,2,15,True,True
K11a147,2,17,True,True
K11a147,2,19,True,True
K11a147,2,21,True,True
K11a147,2,23,True,True
K11a148,2,7,True,True
K11a148,2,9,True,True
K11a148,2,11,True,True
K11a148,2,13,True,True
K11a148,2,15,True,True
K11a149,2,11,True,True
K11a149,2,13,True,True
K11a149,2,15,True,True
K11a149,2,17,True,True
K11a149,2,19,True,True
K11a150,2,11,True,True
K11a150,2,13,True,True
K11a150,2,15,True,True
K11a150,2,17,True,True
K11a150,2,19,True,True
K11a151,2,15,False,True
K11a151,2,17,False,True
K11a151,2,19,False,True
K11a151,2,21,False,True
K11a151,2,23,False,True
K11a152,2,11,False,True
K11a152,2,13,False,True
K11a152,2,15,False,True
K11a152,2,17,False,True
K11a152,2,19,False,True
K11a153,2,11,False,True
K11a153,2,13,False,True
K11a153,2,15,False,True
K11a153,2,17,False,True
K11a153,2,19,False,True
K11a154,2,7,True,True
K11a154,2,9,True,True
K11a154,2,11,True,True
K11a154,2,13,True,True
K11a154,2,15,True,True
K11a155,2,11,False,True
K11a155,2,13,False,True
K11a155,2,15,False,True
K11a155,2,17,False,True
K11a155,2,19,False,True
K11a156,2,15,False,True
K11a156,2,17,False,True
K11a156,2,19,False,True
K11a156,2,21,False,True
K11a156,2,23,False,True
K11a157,2,15,False,True
K11a157,2,17,False,True
K11a157,2,19,False,True
K11a157,2,21,False,True
K11a157,2,23,False,True
K11a158,2,15,False,True
K11a158,2,17,False,True
K11a158,2,19,False,True
K11a158,2,21,False,True
K11a158,2,23,False,True
K11a159,2,11,True,True
K11a159,2,13,True,True
K11a159,2,15,True,True
K11a159,2,17,True,True
K11a159,2,19,True,True
K11a160,2,15,False,True
K11a160,2,17,False,True
K11a160,2,19,False,True
K11a160,2,21,False,True
K11a160,2,23,False,True
K11a161,2,11,True,True
K11a161,2,13,True,True
K11a161,2,15,True,True
K11a161,2,17,True,True
K11a161,2,19,True,True
K11a162,2,15,False,True
K11a162,2,17,False,True
K11a162,2,19,False,True
K11a162,2,21,False,True
K11a162,2,23,False,True
K11a163,2,15,True,True
K11a163,2,17,True,True
K11a163,2,19,True,True
K11a163,2,21,True,True
